Copyright 1986-2018 Xilinx, Inc. All Rights Reserved.
-------------------------------------------------------------------------------------------------
| Tool Version              : Vivado v.2018.2 (win64) Build 2258646 Thu Jun 14 20:03:12 MDT 2018
| Date                      : Mon Apr 20 19:02:11 2026
| Host                      : DESKTOP-B0IQ682 running 64-bit major release  (build 9200)
| Command                   : report_io -file perceptron_dataset_io_placed.rpt
| Design                    : perceptron_dataset
| Device                    : xc7a200t
| Speed File                : -3
| Package                   : fbg676
| Package Version           : FINAL 2012-06-20
| Package Pin Delay Version : FINAL VERS. 2.0 2012-06-20
-------------------------------------------------------------------------------------------------

IO Information

Table of Contents
-----------------
1. Summary
2. IO Assignments by Package Pin

1. Summary
----------

+---------------+
| Total User IO |
+---------------+
|           231 |
+---------------+


2. IO Assignments by Package Pin
--------------------------------

+------------+----------------------+------------+------------------------------+---------------+-------------+---------+------------+------+---------------------+----------------------+---------+------------+-----------+----------+------+------------------+--------------+-------------------+--------------+
| Pin Number | Signal Name          | Bank Type  | Pin Name                     | Use           | IO Standard | IO Bank | Drive (mA) | Slew | On-Chip Termination | Off-Chip Termination | Voltage | Constraint | Pull Type | DQS Bias | Vref | Signal Integrity | Pre Emphasis | Lvds Pre Emphasis | Equalization |
+------------+----------------------+------------+------------------------------+---------------+-------------+---------+------------+------+---------------------+----------------------+---------+------------+-----------+----------+------+------------------+--------------+-------------------+--------------+
| A1         |                      | High Range | VCCO_35                      | VCCO          |             |      35 |            |      |                     |                      |    1.80 |            |           |          |      |                  |              |                   |              |
| A2         | out_w_flattened[170] | High Range | IO_L20N_T3_35                | OUTPUT        | LVCMOS18*   |      35 |         12 | SLOW |                     |            FP_VTT_50 |         | UNFIXED    |           |          |      | NONE             |              |                   |              |
| A3         | out_w_flattened[171] | High Range | IO_L20P_T3_35                | OUTPUT        | LVCMOS18*   |      35 |         12 | SLOW |                     |            FP_VTT_50 |         | UNFIXED    |           |          |      | NONE             |              |                   |              |
| A4         | out_w_flattened[178] | High Range | IO_L16N_T2_35                | OUTPUT        | LVCMOS18*   |      35 |         12 | SLOW |                     |            FP_VTT_50 |         | UNFIXED    |           |          |      | NONE             |              |                   |              |
| A5         | out_w_flattened[180] | High Range | IO_L15N_T2_DQS_35            | OUTPUT        | LVCMOS18*   |      35 |         12 | SLOW |                     |            FP_VTT_50 |         | UNFIXED    |           |          |      | NONE             |              |                   |              |
| A6         |                      |            | GND                          | GND           |             |         |            |      |                     |                      |     0.0 |            |           |          |      |                  |              |                   |              |
| A7         |                      |            | MGTPTXN0_216                 | Gigabit       |             |         |            |      |                     |                      |         |            |           |          |      |                  |              |                   |              |
| A8         |                      |            | GND                          | GND           |             |         |            |      |                     |                      |     0.0 |            |           |          |      |                  |              |                   |              |
| A9         |                      |            | MGTPTXN2_216                 | Gigabit       |             |         |            |      |                     |                      |         |            |           |          |      |                  |              |                   |              |
| A10        |                      |            | GND                          | GND           |             |         |            |      |                     |                      |     0.0 |            |           |          |      |                  |              |                   |              |
| A11        |                      |            | MGTPRXN0_216                 | Gigabit       |             |         |            |      |                     |                      |         |            |           |          |      |                  |              |                   |              |
| A12        |                      |            | GND                          | GND           |             |         |            |      |                     |                      |     0.0 |            |           |          |      |                  |              |                   |              |
| A13        |                      |            | MGTPRXN2_216                 | Gigabit       |             |         |            |      |                     |                      |         |            |           |          |      |                  |              |                   |              |
| A14        |                      |            | GND                          | GND           |             |         |            |      |                     |                      |     0.0 |            |           |          |      |                  |              |                   |              |
| A15        |                      |            | MGTRREF_216                  | Gigabit       |             |         |            |      |                     |                      |         |            |           |          |      |                  |              |                   |              |
| A16        |                      |            | GND                          | GND           |             |         |            |      |                     |                      |     0.0 |            |           |          |      |                  |              |                   |              |
| A17        |                      | High Range | IO_L9P_T1_DQS_16             | User IO       |             |      16 |            |      |                     |                      |         |            |           |          |      |                  |              |                   |              |
| A18        |                      | High Range | IO_L9N_T1_DQS_16             | User IO       |             |      16 |            |      |                     |                      |         |            |           |          |      |                  |              |                   |              |
| A19        |                      | High Range | IO_L10N_T1_16                | User IO       |             |      16 |            |      |                     |                      |         |            |           |          |      |                  |              |                   |              |
| A20        |                      | High Range | IO_L15N_T2_DQS_16            | User IO       |             |      16 |            |      |                     |                      |         |            |           |          |      |                  |              |                   |              |
| A21        |                      | High Range | VCCO_16                      | VCCO          |             |      16 |            |      |                     |                      |   any** |            |           |          |      |                  |              |                   |              |
| A22        |                      | High Range | IO_L17N_T2_16                | User IO       |             |      16 |            |      |                     |                      |         |            |           |          |      |                  |              |                   |              |
| A23        |                      | High Range | IO_L21P_T3_DQS_16            | User IO       |             |      16 |            |      |                     |                      |         |            |           |          |      |                  |              |                   |              |
| A24        |                      | High Range | IO_L21N_T3_DQS_16            | User IO       |             |      16 |            |      |                     |                      |         |            |           |          |      |                  |              |                   |              |
| A25        |                      | High Range | IO_L20N_T3_16                | User IO       |             |      16 |            |      |                     |                      |         |            |           |          |      |                  |              |                   |              |
| A26        |                      |            | GND                          | GND           |             |         |            |      |                     |                      |     0.0 |            |           |          |      |                  |              |                   |              |
| AA1        |                      | High Range | VCCO_33                      | VCCO          |             |      33 |            |      |                     |                      |   any** |            |           |          |      |                  |              |                   |              |
| AA2        |                      | High Range | IO_L12N_T1_MRCC_33           | User IO       |             |      33 |            |      |                     |                      |         |            |           |          |      |                  |              |                   |              |
| AA3        |                      | High Range | IO_L12P_T1_MRCC_33           | User IO       |             |      33 |            |      |                     |                      |         |            |           |          |      |                  |              |                   |              |
| AA4        |                      | High Range | IO_L13P_T2_MRCC_33           | User IO       |             |      33 |            |      |                     |                      |         |            |           |          |      |                  |              |                   |              |
| AA5        |                      | High Range | IO_L22P_T3_33                | User IO       |             |      33 |            |      |                     |                      |         |            |           |          |      |                  |              |                   |              |
| AA6        |                      |            | GND                          | GND           |             |         |            |      |                     |                      |     0.0 |            |           |          |      |                  |              |                   |              |
| AA7        |                      | High Range | IO_L19N_T3_VREF_33           | User IO       |             |      33 |            |      |                     |                      |         |            |           |          |      |                  |              |                   |              |
| AA8        |                      | High Range | IO_L23N_T3_33                | User IO       |             |      33 |            |      |                     |                      |         |            |           |          |      |                  |              |                   |              |
| AA9        |                      |            | GND                          | GND           |             |         |            |      |                     |                      |     0.0 |            |           |          |      |                  |              |                   |              |
| AA10       |                      |            | MGTAVCC_G10                  | Gigabit Power |             |         |            |      |                     |                      |         |            |           |          |      |                  |              |                   |              |
| AA11       |                      |            | MGTREFCLK1P_213              | Gigabit       |             |         |            |      |                     |                      |         |            |           |          |      |                  |              |                   |              |
| AA12       |                      |            | MGTAVCC_G10                  | Gigabit Power |             |         |            |      |                     |                      |         |            |           |          |      |                  |              |                   |              |
| AA13       |                      |            | MGTREFCLK0P_213              | Gigabit       |             |         |            |      |                     |                      |         |            |           |          |      |                  |              |                   |              |
| AA14       |                      |            | GND                          | GND           |             |         |            |      |                     |                      |     0.0 |            |           |          |      |                  |              |                   |              |
| AA15       |                      | High Range | IO_L23N_T3_12                | User IO       |             |      12 |            |      |                     |                      |         |            |           |          |      |                  |              |                   |              |
| AA16       |                      |            | GND                          | GND           |             |         |            |      |                     |                      |     0.0 |            |           |          |      |                  |              |                   |              |
| AA17       |                      | High Range | IO_L19P_T3_12                | User IO       |             |      12 |            |      |                     |                      |         |            |           |          |      |                  |              |                   |              |
| AA18       |                      | High Range | IO_L17N_T2_12                | User IO       |             |      12 |            |      |                     |                      |         |            |           |          |      |                  |              |                   |              |
| AA19       |                      | High Range | IO_L13P_T2_MRCC_12           | User IO       |             |      12 |            |      |                     |                      |         |            |           |          |      |                  |              |                   |              |
| AA20       |                      | High Range | IO_L12P_T1_MRCC_12           | User IO       |             |      12 |            |      |                     |                      |         |            |           |          |      |                  |              |                   |              |
| AA21       |                      | High Range | VCCO_12                      | VCCO          |             |      12 |            |      |                     |                      |   any** |            |           |          |      |                  |              |                   |              |
| AA22       | out_w_flattened[34]  | High Range | IO_L8P_T1_13                 | OUTPUT        | LVCMOS18*   |      13 |         12 | SLOW |                     |            FP_VTT_50 |         | UNFIXED    |           |          |      | NONE             |              |                   |              |
| AA23       | out_w_flattened[33]  | High Range | IO_L8N_T1_13                 | OUTPUT        | LVCMOS18*   |      13 |         12 | SLOW |                     |            FP_VTT_50 |         | UNFIXED    |           |          |      | NONE             |              |                   |              |
| AA24       | out_w_flattened[36]  | High Range | IO_L7P_T1_13                 | OUTPUT        | LVCMOS18*   |      13 |         12 | SLOW |                     |            FP_VTT_50 |         | UNFIXED    |           |          |      | NONE             |              |                   |              |
| AA25       | out_w_flattened[39]  | High Range | IO_L5N_T0_13                 | OUTPUT        | LVCMOS18*   |      13 |         12 | SLOW |                     |            FP_VTT_50 |         | UNFIXED    |           |          |      | NONE             |              |                   |              |
| AA26       |                      |            | GND                          | GND           |             |         |            |      |                     |                      |     0.0 |            |           |          |      |                  |              |                   |              |
| AB1        |                      | High Range | IO_L7P_T1_33                 | User IO       |             |      33 |            |      |                     |                      |         |            |           |          |      |                  |              |                   |              |
| AB2        |                      | High Range | IO_L11P_T1_SRCC_33           | User IO       |             |      33 |            |      |                     |                      |         |            |           |          |      |                  |              |                   |              |
| AB3        |                      |            | GND                          | GND           |             |         |            |      |                     |                      |     0.0 |            |           |          |      |                  |              |                   |              |
| AB4        |                      | High Range | IO_L13N_T2_MRCC_33           | User IO       |             |      33 |            |      |                     |                      |         |            |           |          |      |                  |              |                   |              |
| AB5        |                      | High Range | IO_L22N_T3_33                | User IO       |             |      33 |            |      |                     |                      |         |            |           |          |      |                  |              |                   |              |
| AB6        |                      | High Range | IO_L24P_T3_33                | User IO       |             |      33 |            |      |                     |                      |         |            |           |          |      |                  |              |                   |              |
| AB7        |                      | Dedicated  | M0_0                         | Config        |             |       0 |            |      |                     |                      |         |            |           |          |      |                  |              |                   |              |
| AB8        |                      |            | GND                          | GND           |             |         |            |      |                     |                      |     0.0 |            |           |          |      |                  |              |                   |              |
| AB9        |                      |            | GND                          | GND           |             |         |            |      |                     |                      |     0.0 |            |           |          |      |                  |              |                   |              |
| AB10       |                      |            | GND                          | GND           |             |         |            |      |                     |                      |     0.0 |            |           |          |      |                  |              |                   |              |
| AB11       |                      |            | MGTREFCLK1N_213              | Gigabit       |             |         |            |      |                     |                      |         |            |           |          |      |                  |              |                   |              |
| AB12       |                      |            | GND                          | GND           |             |         |            |      |                     |                      |     0.0 |            |           |          |      |                  |              |                   |              |
| AB13       |                      |            | MGTREFCLK0N_213              | Gigabit       |             |         |            |      |                     |                      |         |            |           |          |      |                  |              |                   |              |
| AB14       |                      |            | GND                          | GND           |             |         |            |      |                     |                      |     0.0 |            |           |          |      |                  |              |                   |              |
| AB15       |                      | Dedicated  | CFGBVS_0                     | Config        |             |       0 |            |      |                     |                      |         |            |           |          |      |                  |              |                   |              |
| AB16       |                      | High Range | IO_L22P_T3_12                | User IO       |             |      12 |            |      |                     |                      |         |            |           |          |      |                  |              |                   |              |
| AB17       |                      | High Range | IO_L19N_T3_VREF_12           | User IO       |             |      12 |            |      |                     |                      |         |            |           |          |      |                  |              |                   |              |
| AB18       |                      | High Range | VCCO_12                      | VCCO          |             |      12 |            |      |                     |                      |   any** |            |           |          |      |                  |              |                   |              |
| AB19       |                      | High Range | IO_L13N_T2_MRCC_12           | User IO       |             |      12 |            |      |                     |                      |         |            |           |          |      |                  |              |                   |              |
| AB20       |                      | High Range | IO_L12N_T1_MRCC_12           | User IO       |             |      12 |            |      |                     |                      |         |            |           |          |      |                  |              |                   |              |
| AB21       |                      | High Range | IO_L11P_T1_SRCC_12           | User IO       |             |      12 |            |      |                     |                      |         |            |           |          |      |                  |              |                   |              |
| AB22       |                      | High Range | IO_0_12                      | User IO       |             |      12 |            |      |                     |                      |         |            |           |          |      |                  |              |                   |              |
| AB23       |                      |            | GND                          | GND           |             |         |            |      |                     |                      |     0.0 |            |           |          |      |                  |              |                   |              |
| AB24       | out_w_flattened[32]  | High Range | IO_L9P_T1_DQS_13             | OUTPUT        | LVCMOS18*   |      13 |         12 | SLOW |                     |            FP_VTT_50 |         | UNFIXED    |           |          |      | NONE             |              |                   |              |
| AB25       | out_w_flattened[35]  | High Range | IO_L7N_T1_13                 | OUTPUT        | LVCMOS18*   |      13 |         12 | SLOW |                     |            FP_VTT_50 |         | UNFIXED    |           |          |      | NONE             |              |                   |              |
| AB26       | out_w_flattened[44]  | High Range | IO_L3P_T0_DQS_13             | OUTPUT        | LVCMOS18*   |      13 |         12 | SLOW |                     |            FP_VTT_50 |         | UNFIXED    |           |          |      | NONE             |              |                   |              |
| AC1        |                      | High Range | IO_L7N_T1_33                 | User IO       |             |      33 |            |      |                     |                      |         |            |           |          |      |                  |              |                   |              |
| AC2        |                      | High Range | IO_L11N_T1_SRCC_33           | User IO       |             |      33 |            |      |                     |                      |         |            |           |          |      |                  |              |                   |              |
| AC3        |                      | High Range | IO_L14P_T2_SRCC_33           | User IO       |             |      33 |            |      |                     |                      |         |            |           |          |      |                  |              |                   |              |
| AC4        |                      | High Range | IO_L18P_T2_33                | User IO       |             |      33 |            |      |                     |                      |         |            |           |          |      |                  |              |                   |              |
| AC5        |                      | High Range | VCCO_33                      | VCCO          |             |      33 |            |      |                     |                      |   any** |            |           |          |      |                  |              |                   |              |
| AC6        |                      | High Range | IO_L24N_T3_33                | User IO       |             |      33 |            |      |                     |                      |         |            |           |          |      |                  |              |                   |              |
| AC7        |                      |            | GND                          | GND           |             |         |            |      |                     |                      |     0.0 |            |           |          |      |                  |              |                   |              |
| AC8        |                      |            | MGTPTXP2_213                 | Gigabit       |             |         |            |      |                     |                      |         |            |           |          |      |                  |              |                   |              |
| AC9        |                      |            | MGTAVCC_G10                  | Gigabit Power |             |         |            |      |                     |                      |         |            |           |          |      |                  |              |                   |              |
| AC10       |                      |            | MGTPTXP0_213                 | Gigabit       |             |         |            |      |                     |                      |         |            |           |          |      |                  |              |                   |              |
| AC11       |                      |            | MGTAVCC_G10                  | Gigabit Power |             |         |            |      |                     |                      |         |            |           |          |      |                  |              |                   |              |
| AC12       |                      |            | MGTPRXP0_213                 | Gigabit       |             |         |            |      |                     |                      |         |            |           |          |      |                  |              |                   |              |
| AC13       |                      |            | MGTAVCC_G10                  | Gigabit Power |             |         |            |      |                     |                      |         |            |           |          |      |                  |              |                   |              |
| AC14       |                      |            | MGTPRXP2_213                 | Gigabit       |             |         |            |      |                     |                      |         |            |           |          |      |                  |              |                   |              |
| AC15       |                      |            | GND                          | GND           |             |         |            |      |                     |                      |     0.0 |            |           |          |      |                  |              |                   |              |
| AC16       |                      | High Range | IO_L22N_T3_12                | User IO       |             |      12 |            |      |                     |                      |         |            |           |          |      |                  |              |                   |              |
| AC17       |                      | High Range | IO_L20P_T3_12                | User IO       |             |      12 |            |      |                     |                      |         |            |           |          |      |                  |              |                   |              |
| AC18       |                      | High Range | IO_L15P_T2_DQS_12            | User IO       |             |      12 |            |      |                     |                      |         |            |           |          |      |                  |              |                   |              |
| AC19       |                      | High Range | IO_L14P_T2_SRCC_12           | User IO       |             |      12 |            |      |                     |                      |         |            |           |          |      |                  |              |                   |              |
| AC20       |                      |            | GND                          | GND           |             |         |            |      |                     |                      |     0.0 |            |           |          |      |                  |              |                   |              |
| AC21       |                      | High Range | IO_L11N_T1_SRCC_12           | User IO       |             |      12 |            |      |                     |                      |         |            |           |          |      |                  |              |                   |              |
| AC22       |                      | High Range | IO_L2P_T0_12                 | User IO       |             |      12 |            |      |                     |                      |         |            |           |          |      |                  |              |                   |              |
| AC23       |                      | High Range | IO_L2N_T0_12                 | User IO       |             |      12 |            |      |                     |                      |         |            |           |          |      |                  |              |                   |              |
| AC24       | out_w_flattened[31]  | High Range | IO_L9N_T1_DQS_13             | OUTPUT        | LVCMOS18*   |      13 |         12 | SLOW |                     |            FP_VTT_50 |         | UNFIXED    |           |          |      | NONE             |              |                   |              |
| AC25       |                      | High Range | VCCO_13                      | VCCO          |             |      13 |            |      |                     |                      |    1.80 |            |           |          |      |                  |              |                   |              |
| AC26       | out_w_flattened[43]  | High Range | IO_L3N_T0_DQS_13             | OUTPUT        | LVCMOS18*   |      13 |         12 | SLOW |                     |            FP_VTT_50 |         | UNFIXED    |           |          |      | NONE             |              |                   |              |
| AD1        |                      | High Range | IO_L9P_T1_DQS_33             | User IO       |             |      33 |            |      |                     |                      |         |            |           |          |      |                  |              |                   |              |
| AD2        |                      | High Range | VCCO_33                      | VCCO          |             |      33 |            |      |                     |                      |   any** |            |           |          |      |                  |              |                   |              |
| AD3        |                      | High Range | IO_L14N_T2_SRCC_33           | User IO       |             |      33 |            |      |                     |                      |         |            |           |          |      |                  |              |                   |              |
| AD4        |                      | High Range | IO_L18N_T2_33                | User IO       |             |      33 |            |      |                     |                      |         |            |           |          |      |                  |              |                   |              |
| AD5        |                      | High Range | IO_L15P_T2_DQS_33            | User IO       |             |      33 |            |      |                     |                      |         |            |           |          |      |                  |              |                   |              |
| AD6        |                      |            | GND                          | GND           |             |         |            |      |                     |                      |     0.0 |            |           |          |      |                  |              |                   |              |
| AD7        |                      |            | MGTAVTT_G10                  | Gigabit Power |             |         |            |      |                     |                      |         |            |           |          |      |                  |              |                   |              |
| AD8        |                      |            | MGTPTXN2_213                 | Gigabit       |             |         |            |      |                     |                      |         |            |           |          |      |                  |              |                   |              |
| AD9        |                      |            | GND                          | GND           |             |         |            |      |                     |                      |     0.0 |            |           |          |      |                  |              |                   |              |
| AD10       |                      |            | MGTPTXN0_213                 | Gigabit       |             |         |            |      |                     |                      |         |            |           |          |      |                  |              |                   |              |
| AD11       |                      |            | GND                          | GND           |             |         |            |      |                     |                      |     0.0 |            |           |          |      |                  |              |                   |              |
| AD12       |                      |            | MGTPRXN0_213                 | Gigabit       |             |         |            |      |                     |                      |         |            |           |          |      |                  |              |                   |              |
| AD13       |                      |            | GND                          | GND           |             |         |            |      |                     |                      |     0.0 |            |           |          |      |                  |              |                   |              |
| AD14       |                      |            | MGTPRXN2_213                 | Gigabit       |             |         |            |      |                     |                      |         |            |           |          |      |                  |              |                   |              |
| AD15       |                      |            | MGTAVTT_G10                  | Gigabit Power |             |         |            |      |                     |                      |         |            |           |          |      |                  |              |                   |              |
| AD16       |                      |            | GND                          | GND           |             |         |            |      |                     |                      |     0.0 |            |           |          |      |                  |              |                   |              |
| AD17       |                      | High Range | IO_L20N_T3_12                | User IO       |             |      12 |            |      |                     |                      |         |            |           |          |      |                  |              |                   |              |
| AD18       |                      | High Range | IO_L15N_T2_DQS_12            | User IO       |             |      12 |            |      |                     |                      |         |            |           |          |      |                  |              |                   |              |
| AD19       |                      | High Range | IO_L14N_T2_SRCC_12           | User IO       |             |      12 |            |      |                     |                      |         |            |           |          |      |                  |              |                   |              |
| AD20       |                      | High Range | IO_L10P_T1_12                | User IO       |             |      12 |            |      |                     |                      |         |            |           |          |      |                  |              |                   |              |
| AD21       |                      | High Range | IO_L7P_T1_12                 | User IO       |             |      12 |            |      |                     |                      |         |            |           |          |      |                  |              |                   |              |
| AD22       |                      | High Range | VCCO_12                      | VCCO          |             |      12 |            |      |                     |                      |   any** |            |           |          |      |                  |              |                   |              |
| AD23       |                      | High Range | IO_L6P_T0_12                 | User IO       |             |      12 |            |      |                     |                      |         |            |           |          |      |                  |              |                   |              |
| AD24       |                      | High Range | IO_L6N_T0_VREF_12            | User IO       |             |      12 |            |      |                     |                      |         |            |           |          |      |                  |              |                   |              |
| AD25       |                      | High Range | IO_L4P_T0_12                 | User IO       |             |      12 |            |      |                     |                      |         |            |           |          |      |                  |              |                   |              |
| AD26       |                      | High Range | IO_L4N_T0_12                 | User IO       |             |      12 |            |      |                     |                      |         |            |           |          |      |                  |              |                   |              |
| AE1        |                      | High Range | IO_L9N_T1_DQS_33             | User IO       |             |      33 |            |      |                     |                      |         |            |           |          |      |                  |              |                   |              |
| AE2        |                      | High Range | IO_L10P_T1_33                | User IO       |             |      33 |            |      |                     |                      |         |            |           |          |      |                  |              |                   |              |
| AE3        |                      | High Range | IO_L16P_T2_33                | User IO       |             |      33 |            |      |                     |                      |         |            |           |          |      |                  |              |                   |              |
| AE4        |                      |            | GND                          | GND           |             |         |            |      |                     |                      |     0.0 |            |           |          |      |                  |              |                   |              |
| AE5        |                      | High Range | IO_L15N_T2_DQS_33            | User IO       |             |      33 |            |      |                     |                      |         |            |           |          |      |                  |              |                   |              |
| AE6        |                      |            | GND                          | GND           |             |         |            |      |                     |                      |     0.0 |            |           |          |      |                  |              |                   |              |
| AE7        |                      |            | MGTPTXP3_213                 | Gigabit       |             |         |            |      |                     |                      |         |            |           |          |      |                  |              |                   |              |
| AE8        |                      |            | MGTAVTT_G10                  | Gigabit Power |             |         |            |      |                     |                      |         |            |           |          |      |                  |              |                   |              |
| AE9        |                      |            | MGTPTXP1_213                 | Gigabit       |             |         |            |      |                     |                      |         |            |           |          |      |                  |              |                   |              |
| AE10       |                      |            | MGTAVTT_G10                  | Gigabit Power |             |         |            |      |                     |                      |         |            |           |          |      |                  |              |                   |              |
| AE11       |                      |            | MGTPRXP3_213                 | Gigabit       |             |         |            |      |                     |                      |         |            |           |          |      |                  |              |                   |              |
| AE12       |                      |            | MGTAVTT_G10                  | Gigabit Power |             |         |            |      |                     |                      |         |            |           |          |      |                  |              |                   |              |
| AE13       |                      |            | MGTPRXP1_213                 | Gigabit       |             |         |            |      |                     |                      |         |            |           |          |      |                  |              |                   |              |
| AE14       |                      |            | MGTAVTT_G10                  | Gigabit Power |             |         |            |      |                     |                      |         |            |           |          |      |                  |              |                   |              |
| AE15       |                      |            | GND                          | GND           |             |         |            |      |                     |                      |     0.0 |            |           |          |      |                  |              |                   |              |
| AE16       |                      | Dedicated  | PROGRAM_B_0                  | Config        |             |       0 |            |      |                     |                      |         |            |           |          |      |                  |              |                   |              |
| AE17       |                      | High Range | IO_L18P_T2_12                | User IO       |             |      12 |            |      |                     |                      |         |            |           |          |      |                  |              |                   |              |
| AE18       |                      | High Range | IO_L16P_T2_12                | User IO       |             |      12 |            |      |                     |                      |         |            |           |          |      |                  |              |                   |              |
| AE19       |                      | High Range | VCCO_12                      | VCCO          |             |      12 |            |      |                     |                      |   any** |            |           |          |      |                  |              |                   |              |
| AE20       |                      | High Range | IO_L10N_T1_12                | User IO       |             |      12 |            |      |                     |                      |         |            |           |          |      |                  |              |                   |              |
| AE21       |                      | High Range | IO_L7N_T1_12                 | User IO       |             |      12 |            |      |                     |                      |         |            |           |          |      |                  |              |                   |              |
| AE22       |                      | High Range | IO_L9P_T1_DQS_12             | User IO       |             |      12 |            |      |                     |                      |         |            |           |          |      |                  |              |                   |              |
| AE23       |                      | High Range | IO_L5P_T0_12                 | User IO       |             |      12 |            |      |                     |                      |         |            |           |          |      |                  |              |                   |              |
| AE24       |                      |            | GND                          | GND           |             |         |            |      |                     |                      |     0.0 |            |           |          |      |                  |              |                   |              |
| AE25       |                      | High Range | IO_L1P_T0_12                 | User IO       |             |      12 |            |      |                     |                      |         |            |           |          |      |                  |              |                   |              |
| AE26       |                      | High Range | IO_L1N_T0_12                 | User IO       |             |      12 |            |      |                     |                      |         |            |           |          |      |                  |              |                   |              |
| AF1        |                      |            | GND                          | GND           |             |         |            |      |                     |                      |     0.0 |            |           |          |      |                  |              |                   |              |
| AF2        |                      | High Range | IO_L10N_T1_33                | User IO       |             |      33 |            |      |                     |                      |         |            |           |          |      |                  |              |                   |              |
| AF3        |                      | High Range | IO_L16N_T2_33                | User IO       |             |      33 |            |      |                     |                      |         |            |           |          |      |                  |              |                   |              |
| AF4        |                      | High Range | IO_L17N_T2_33                | User IO       |             |      33 |            |      |                     |                      |         |            |           |          |      |                  |              |                   |              |
| AF5        |                      | High Range | IO_L17P_T2_33                | User IO       |             |      33 |            |      |                     |                      |         |            |           |          |      |                  |              |                   |              |
| AF6        |                      |            | GND                          | GND           |             |         |            |      |                     |                      |     0.0 |            |           |          |      |                  |              |                   |              |
| AF7        |                      |            | MGTPTXN3_213                 | Gigabit       |             |         |            |      |                     |                      |         |            |           |          |      |                  |              |                   |              |
| AF8        |                      |            | GND                          | GND           |             |         |            |      |                     |                      |     0.0 |            |           |          |      |                  |              |                   |              |
| AF9        |                      |            | MGTPTXN1_213                 | Gigabit       |             |         |            |      |                     |                      |         |            |           |          |      |                  |              |                   |              |
| AF10       |                      |            | GND                          | GND           |             |         |            |      |                     |                      |     0.0 |            |           |          |      |                  |              |                   |              |
| AF11       |                      |            | MGTPRXN3_213                 | Gigabit       |             |         |            |      |                     |                      |         |            |           |          |      |                  |              |                   |              |
| AF12       |                      |            | GND                          | GND           |             |         |            |      |                     |                      |     0.0 |            |           |          |      |                  |              |                   |              |
| AF13       |                      |            | MGTPRXN1_213                 | Gigabit       |             |         |            |      |                     |                      |         |            |           |          |      |                  |              |                   |              |
| AF14       |                      |            | GND                          | GND           |             |         |            |      |                     |                      |     0.0 |            |           |          |      |                  |              |                   |              |
| AF15       |                      |            | MGTRREF_213                  | Gigabit       |             |         |            |      |                     |                      |         |            |           |          |      |                  |              |                   |              |
| AF16       |                      |            | GND                          | GND           |             |         |            |      |                     |                      |     0.0 |            |           |          |      |                  |              |                   |              |
| AF17       |                      | High Range | IO_L18N_T2_12                | User IO       |             |      12 |            |      |                     |                      |         |            |           |          |      |                  |              |                   |              |
| AF18       |                      | High Range | IO_L16N_T2_12                | User IO       |             |      12 |            |      |                     |                      |         |            |           |          |      |                  |              |                   |              |
| AF19       |                      | High Range | IO_L8P_T1_12                 | User IO       |             |      12 |            |      |                     |                      |         |            |           |          |      |                  |              |                   |              |
| AF20       |                      | High Range | IO_L8N_T1_12                 | User IO       |             |      12 |            |      |                     |                      |         |            |           |          |      |                  |              |                   |              |
| AF21       |                      |            | GND                          | GND           |             |         |            |      |                     |                      |     0.0 |            |           |          |      |                  |              |                   |              |
| AF22       |                      | High Range | IO_L9N_T1_DQS_12             | User IO       |             |      12 |            |      |                     |                      |         |            |           |          |      |                  |              |                   |              |
| AF23       |                      | High Range | IO_L5N_T0_12                 | User IO       |             |      12 |            |      |                     |                      |         |            |           |          |      |                  |              |                   |              |
| AF24       |                      | High Range | IO_L3P_T0_DQS_12             | User IO       |             |      12 |            |      |                     |                      |         |            |           |          |      |                  |              |                   |              |
| AF25       |                      | High Range | IO_L3N_T0_DQS_12             | User IO       |             |      12 |            |      |                     |                      |         |            |           |          |      |                  |              |                   |              |
| AF26       |                      | High Range | VCCO_12                      | VCCO          |             |      12 |            |      |                     |                      |   any** |            |           |          |      |                  |              |                   |              |
| B1         | out_w_flattened[168] | High Range | IO_L21N_T3_DQS_35            | OUTPUT        | LVCMOS18*   |      35 |         12 | SLOW |                     |            FP_VTT_50 |         | UNFIXED    |           |          |      | NONE             |              |                   |              |
| B2         | out_w_flattened[172] | High Range | IO_L19N_T3_VREF_35           | OUTPUT        | LVCMOS18*   |      35 |         12 | SLOW |                     |            FP_VTT_50 |         | UNFIXED    |           |          |      | NONE             |              |                   |              |
| B3         |                      |            | GND                          | GND           |             |         |            |      |                     |                      |     0.0 |            |           |          |      |                  |              |                   |              |
| B4         | out_w_flattened[179] | High Range | IO_L16P_T2_35                | OUTPUT        | LVCMOS18*   |      35 |         12 | SLOW |                     |            FP_VTT_50 |         | UNFIXED    |           |          |      | NONE             |              |                   |              |
| B5         | out_w_flattened[181] | High Range | IO_L15P_T2_DQS_35            | OUTPUT        | LVCMOS18*   |      35 |         12 | SLOW |                     |            FP_VTT_50 |         | UNFIXED    |           |          |      | NONE             |              |                   |              |
| B6         |                      |            | GND                          | GND           |             |         |            |      |                     |                      |     0.0 |            |           |          |      |                  |              |                   |              |
| B7         |                      |            | MGTPTXP0_216                 | Gigabit       |             |         |            |      |                     |                      |         |            |           |          |      |                  |              |                   |              |
| B8         |                      |            | MGTAVTT_G11                  | Gigabit Power |             |         |            |      |                     |                      |         |            |           |          |      |                  |              |                   |              |
| B9         |                      |            | MGTPTXP2_216                 | Gigabit       |             |         |            |      |                     |                      |         |            |           |          |      |                  |              |                   |              |
| B10        |                      |            | MGTAVTT_G11                  | Gigabit Power |             |         |            |      |                     |                      |         |            |           |          |      |                  |              |                   |              |
| B11        |                      |            | MGTPRXP0_216                 | Gigabit       |             |         |            |      |                     |                      |         |            |           |          |      |                  |              |                   |              |
| B12        |                      |            | MGTAVTT_G11                  | Gigabit Power |             |         |            |      |                     |                      |         |            |           |          |      |                  |              |                   |              |
| B13        |                      |            | MGTPRXP2_216                 | Gigabit       |             |         |            |      |                     |                      |         |            |           |          |      |                  |              |                   |              |
| B14        |                      |            | MGTAVTT_G11                  | Gigabit Power |             |         |            |      |                     |                      |         |            |           |          |      |                  |              |                   |              |
| B15        |                      |            | GND                          | GND           |             |         |            |      |                     |                      |     0.0 |            |           |          |      |                  |              |                   |              |
| B16        |                      |            | GND                          | GND           |             |         |            |      |                     |                      |     0.0 |            |           |          |      |                  |              |                   |              |
| B17        |                      | High Range | IO_L7N_T1_16                 | User IO       |             |      16 |            |      |                     |                      |         |            |           |          |      |                  |              |                   |              |
| B18        |                      | High Range | VCCO_16                      | VCCO          |             |      16 |            |      |                     |                      |   any** |            |           |          |      |                  |              |                   |              |
| B19        |                      | High Range | IO_L10P_T1_16                | User IO       |             |      16 |            |      |                     |                      |         |            |           |          |      |                  |              |                   |              |
| B20        |                      | High Range | IO_L15P_T2_DQS_16            | User IO       |             |      16 |            |      |                     |                      |         |            |           |          |      |                  |              |                   |              |
| B21        |                      | High Range | IO_L16N_T2_16                | User IO       |             |      16 |            |      |                     |                      |         |            |           |          |      |                  |              |                   |              |
| B22        |                      | High Range | IO_L17P_T2_16                | User IO       |             |      16 |            |      |                     |                      |         |            |           |          |      |                  |              |                   |              |
| B23        |                      |            | GND                          | GND           |             |         |            |      |                     |                      |     0.0 |            |           |          |      |                  |              |                   |              |
| B24        |                      | High Range | IO_L23N_T3_16                | User IO       |             |      16 |            |      |                     |                      |         |            |           |          |      |                  |              |                   |              |
| B25        |                      | High Range | IO_L20P_T3_16                | User IO       |             |      16 |            |      |                     |                      |         |            |           |          |      |                  |              |                   |              |
| B26        |                      | High Range | IO_L22N_T3_16                | User IO       |             |      16 |            |      |                     |                      |         |            |           |          |      |                  |              |                   |              |
| C1         | out_w_flattened[169] | High Range | IO_L21P_T3_DQS_35            | OUTPUT        | LVCMOS18*   |      35 |         12 | SLOW |                     |            FP_VTT_50 |         | UNFIXED    |           |          |      | NONE             |              |                   |              |
| C2         | out_w_flattened[173] | High Range | IO_L19P_T3_35                | OUTPUT        | LVCMOS18*   |      35 |         12 | SLOW |                     |            FP_VTT_50 |         | UNFIXED    |           |          |      | NONE             |              |                   |              |
| C3         | out_w_flattened[176] | High Range | IO_L17N_T2_35                | OUTPUT        | LVCMOS18*   |      35 |         12 | SLOW |                     |            FP_VTT_50 |         | UNFIXED    |           |          |      | NONE             |              |                   |              |
| C4         | out_w_flattened[182] | High Range | IO_L14N_T2_SRCC_35           | OUTPUT        | LVCMOS18*   |      35 |         12 | SLOW |                     |            FP_VTT_50 |         | UNFIXED    |           |          |      | NONE             |              |                   |              |
| C5         |                      | High Range | VCCO_35                      | VCCO          |             |      35 |            |      |                     |                      |    1.80 |            |           |          |      |                  |              |                   |              |
| C6         |                      |            | GND                          | GND           |             |         |            |      |                     |                      |     0.0 |            |           |          |      |                  |              |                   |              |
| C7         |                      |            | MGTAVTT_G11                  | Gigabit Power |             |         |            |      |                     |                      |         |            |           |          |      |                  |              |                   |              |
| C8         |                      |            | MGTPTXN1_216                 | Gigabit       |             |         |            |      |                     |                      |         |            |           |          |      |                  |              |                   |              |
| C9         |                      |            | GND                          | GND           |             |         |            |      |                     |                      |     0.0 |            |           |          |      |                  |              |                   |              |
| C10        |                      |            | MGTPTXN3_216                 | Gigabit       |             |         |            |      |                     |                      |         |            |           |          |      |                  |              |                   |              |
| C11        |                      |            | GND                          | GND           |             |         |            |      |                     |                      |     0.0 |            |           |          |      |                  |              |                   |              |
| C12        |                      |            | MGTPRXN3_216                 | Gigabit       |             |         |            |      |                     |                      |         |            |           |          |      |                  |              |                   |              |
| C13        |                      |            | GND                          | GND           |             |         |            |      |                     |                      |     0.0 |            |           |          |      |                  |              |                   |              |
| C14        |                      |            | MGTPRXN1_216                 | Gigabit       |             |         |            |      |                     |                      |         |            |           |          |      |                  |              |                   |              |
| C15        |                      |            | MGTAVTT_G11                  | Gigabit Power |             |         |            |      |                     |                      |         |            |           |          |      |                  |              |                   |              |
| C16        |                      |            | GND                          | GND           |             |         |            |      |                     |                      |     0.0 |            |           |          |      |                  |              |                   |              |
| C17        |                      | High Range | IO_L7P_T1_16                 | User IO       |             |      16 |            |      |                     |                      |         |            |           |          |      |                  |              |                   |              |
| C18        |                      | High Range | IO_L12N_T1_MRCC_16           | User IO       |             |      16 |            |      |                     |                      |         |            |           |          |      |                  |              |                   |              |
| C19        |                      | High Range | IO_L13N_T2_MRCC_16           | User IO       |             |      16 |            |      |                     |                      |         |            |           |          |      |                  |              |                   |              |
| C20        |                      |            | GND                          | GND           |             |         |            |      |                     |                      |     0.0 |            |           |          |      |                  |              |                   |              |
| C21        |                      | High Range | IO_L16P_T2_16                | User IO       |             |      16 |            |      |                     |                      |         |            |           |          |      |                  |              |                   |              |
| C22        |                      | High Range | IO_L19P_T3_16                | User IO       |             |      16 |            |      |                     |                      |         |            |           |          |      |                  |              |                   |              |
| C23        |                      | High Range | IO_L19N_T3_VREF_16           | User IO       |             |      16 |            |      |                     |                      |         |            |           |          |      |                  |              |                   |              |
| C24        |                      | High Range | IO_L23P_T3_16                | User IO       |             |      16 |            |      |                     |                      |         |            |           |          |      |                  |              |                   |              |
| C25        |                      | High Range | VCCO_16                      | VCCO          |             |      16 |            |      |                     |                      |   any** |            |           |          |      |                  |              |                   |              |
| C26        |                      | High Range | IO_L22P_T3_16                | User IO       |             |      16 |            |      |                     |                      |         |            |           |          |      |                  |              |                   |              |
| D1         | out_w_flattened[164] | High Range | IO_L23N_T3_35                | OUTPUT        | LVCMOS18*   |      35 |         12 | SLOW |                     |            FP_VTT_50 |         | UNFIXED    |           |          |      | NONE             |              |                   |              |
| D2         |                      | High Range | VCCO_35                      | VCCO          |             |      35 |            |      |                     |                      |    1.80 |            |           |          |      |                  |              |                   |              |
| D3         | out_w_flattened[177] | High Range | IO_L17P_T2_35                | OUTPUT        | LVCMOS18*   |      35 |         12 | SLOW |                     |            FP_VTT_50 |         | UNFIXED    |           |          |      | NONE             |              |                   |              |
| D4         | out_w_flattened[183] | High Range | IO_L14P_T2_SRCC_35           | OUTPUT        | LVCMOS18*   |      35 |         12 | SLOW |                     |            FP_VTT_50 |         | UNFIXED    |           |          |      | NONE             |              |                   |              |
| D5         | out_w_flattened[184] | High Range | IO_L13N_T2_MRCC_35           | OUTPUT        | LVCMOS18*   |      35 |         12 | SLOW |                     |            FP_VTT_50 |         | UNFIXED    |           |          |      | NONE             |              |                   |              |
| D6         |                      | High Range | IO_L1N_T0_AD4N_35            | User IO       |             |      35 |            |      |                     |                      |         |            |           |          |      |                  |              |                   |              |
| D7         |                      |            | GND                          | GND           |             |         |            |      |                     |                      |     0.0 |            |           |          |      |                  |              |                   |              |
| D8         |                      |            | MGTPTXP1_216                 | Gigabit       |             |         |            |      |                     |                      |         |            |           |          |      |                  |              |                   |              |
| D9         |                      |            | MGTAVCC_G11                  | Gigabit Power |             |         |            |      |                     |                      |         |            |           |          |      |                  |              |                   |              |
| D10        |                      |            | MGTPTXP3_216                 | Gigabit       |             |         |            |      |                     |                      |         |            |           |          |      |                  |              |                   |              |
| D11        |                      |            | MGTAVCC_G11                  | Gigabit Power |             |         |            |      |                     |                      |         |            |           |          |      |                  |              |                   |              |
| D12        |                      |            | MGTPRXP3_216                 | Gigabit       |             |         |            |      |                     |                      |         |            |           |          |      |                  |              |                   |              |
| D13        |                      |            | MGTAVCC_G11                  | Gigabit Power |             |         |            |      |                     |                      |         |            |           |          |      |                  |              |                   |              |
| D14        |                      |            | MGTPRXP1_216                 | Gigabit       |             |         |            |      |                     |                      |         |            |           |          |      |                  |              |                   |              |
| D15        |                      |            | GND                          | GND           |             |         |            |      |                     |                      |     0.0 |            |           |          |      |                  |              |                   |              |
| D16        |                      | High Range | IO_L8N_T1_16                 | User IO       |             |      16 |            |      |                     |                      |         |            |           |          |      |                  |              |                   |              |
| D17        |                      |            | GND                          | GND           |             |         |            |      |                     |                      |     0.0 |            |           |          |      |                  |              |                   |              |
| D18        |                      | High Range | IO_L12P_T1_MRCC_16           | User IO       |             |      16 |            |      |                     |                      |         |            |           |          |      |                  |              |                   |              |
| D19        |                      | High Range | IO_L13P_T2_MRCC_16           | User IO       |             |      16 |            |      |                     |                      |         |            |           |          |      |                  |              |                   |              |
| D20        |                      | High Range | IO_L14N_T2_SRCC_16           | User IO       |             |      16 |            |      |                     |                      |         |            |           |          |      |                  |              |                   |              |
| D21        |                      | High Range | IO_L18N_T2_16                | User IO       |             |      16 |            |      |                     |                      |         |            |           |          |      |                  |              |                   |              |
| D22        |                      | High Range | VCCO_16                      | VCCO          |             |      16 |            |      |                     |                      |   any** |            |           |          |      |                  |              |                   |              |
| D23        |                      | High Range | IO_L24P_T3_16                | User IO       |             |      16 |            |      |                     |                      |         |            |           |          |      |                  |              |                   |              |
| D24        |                      | High Range | IO_L24N_T3_16                | User IO       |             |      16 |            |      |                     |                      |         |            |           |          |      |                  |              |                   |              |
| D25        | out_w_flattened[109] | High Range | IO_L20N_T3_A19_15            | OUTPUT        | LVCMOS18*   |      15 |         12 | SLOW |                     |            FP_VTT_50 |         | UNFIXED    |           |          |      | NONE             |              |                   |              |
| D26        | out_w_flattened[107] | High Range | IO_L21N_T3_DQS_A18_15        | OUTPUT        | LVCMOS18*   |      15 |         12 | SLOW |                     |            FP_VTT_50 |         | UNFIXED    |           |          |      | NONE             |              |                   |              |
| E1         | out_w_flattened[165] | High Range | IO_L23P_T3_35                | OUTPUT        | LVCMOS18*   |      35 |         12 | SLOW |                     |            FP_VTT_50 |         | UNFIXED    |           |          |      | NONE             |              |                   |              |
| E2         | out_w_flattened[166] | High Range | IO_L22N_T3_35                | OUTPUT        | LVCMOS18*   |      35 |         12 | SLOW |                     |            FP_VTT_50 |         | UNFIXED    |           |          |      | NONE             |              |                   |              |
| E3         | out_w_flattened[174] | High Range | IO_L18N_T2_35                | OUTPUT        | LVCMOS18*   |      35 |         12 | SLOW |                     |            FP_VTT_50 |         | UNFIXED    |           |          |      | NONE             |              |                   |              |
| E4         |                      |            | GND                          | GND           |             |         |            |      |                     |                      |     0.0 |            |           |          |      |                  |              |                   |              |
| E5         | out_w_flattened[185] | High Range | IO_L13P_T2_MRCC_35           | OUTPUT        | LVCMOS18*   |      35 |         12 | SLOW |                     |            FP_VTT_50 |         | UNFIXED    |           |          |      | NONE             |              |                   |              |
| E6         |                      | High Range | IO_L1P_T0_AD4P_35            | User IO       |             |      35 |            |      |                     |                      |         |            |           |          |      |                  |              |                   |              |
| E7         |                      |            | GND                          | GND           |             |         |            |      |                     |                      |     0.0 |            |           |          |      |                  |              |                   |              |
| E8         |                      |            | GND                          | GND           |             |         |            |      |                     |                      |     0.0 |            |           |          |      |                  |              |                   |              |
| E9         |                      |            | GND                          | GND           |             |         |            |      |                     |                      |     0.0 |            |           |          |      |                  |              |                   |              |
| E10        |                      |            | GND                          | GND           |             |         |            |      |                     |                      |     0.0 |            |           |          |      |                  |              |                   |              |
| E11        |                      |            | MGTREFCLK0N_216              | Gigabit       |             |         |            |      |                     |                      |         |            |           |          |      |                  |              |                   |              |
| E12        |                      |            | GND                          | GND           |             |         |            |      |                     |                      |     0.0 |            |           |          |      |                  |              |                   |              |
| E13        |                      |            | MGTREFCLK1N_216              | Gigabit       |             |         |            |      |                     |                      |         |            |           |          |      |                  |              |                   |              |
| E14        |                      |            | GND                          | GND           |             |         |            |      |                     |                      |     0.0 |            |           |          |      |                  |              |                   |              |
| E15        |                      |            | GND                          | GND           |             |         |            |      |                     |                      |     0.0 |            |           |          |      |                  |              |                   |              |
| E16        |                      | High Range | IO_L8P_T1_16                 | User IO       |             |      16 |            |      |                     |                      |         |            |           |          |      |                  |              |                   |              |
| E17        |                      | High Range | IO_L11P_T1_SRCC_16           | User IO       |             |      16 |            |      |                     |                      |         |            |           |          |      |                  |              |                   |              |
| E18        |                      | High Range | IO_L11N_T1_SRCC_16           | User IO       |             |      16 |            |      |                     |                      |         |            |           |          |      |                  |              |                   |              |
| E19        |                      | High Range | VCCO_16                      | VCCO          |             |      16 |            |      |                     |                      |   any** |            |           |          |      |                  |              |                   |              |
| E20        |                      | High Range | IO_L14P_T2_SRCC_16           | User IO       |             |      16 |            |      |                     |                      |         |            |           |          |      |                  |              |                   |              |
| E21        |                      | High Range | IO_L18P_T2_16                | User IO       |             |      16 |            |      |                     |                      |         |            |           |          |      |                  |              |                   |              |
| E22        |                      | High Range | IO_25_16                     | User IO       |             |      16 |            |      |                     |                      |         |            |           |          |      |                  |              |                   |              |
| E23        | out_w_flattened[115] | High Range | IO_L17N_T2_A25_15            | OUTPUT        | LVCMOS18*   |      15 |         12 | SLOW |                     |            FP_VTT_50 |         | UNFIXED    |           |          |      | NONE             |              |                   |              |
| E24        |                      |            | GND                          | GND           |             |         |            |      |                     |                      |     0.0 |            |           |          |      |                  |              |                   |              |
| E25        | out_w_flattened[110] | High Range | IO_L20P_T3_A20_15            | OUTPUT        | LVCMOS18*   |      15 |         12 | SLOW |                     |            FP_VTT_50 |         | UNFIXED    |           |          |      | NONE             |              |                   |              |
| E26        | out_w_flattened[108] | High Range | IO_L21P_T3_DQS_15            | OUTPUT        | LVCMOS18*   |      15 |         12 | SLOW |                     |            FP_VTT_50 |         | UNFIXED    |           |          |      | NONE             |              |                   |              |
| F1         |                      |            | GND                          | GND           |             |         |            |      |                     |                      |     0.0 |            |           |          |      |                  |              |                   |              |
| F2         | out_w_flattened[167] | High Range | IO_L22P_T3_35                | OUTPUT        | LVCMOS18*   |      35 |         12 | SLOW |                     |            FP_VTT_50 |         | UNFIXED    |           |          |      | NONE             |              |                   |              |
| F3         | out_w_flattened[175] | High Range | IO_L18P_T2_35                | OUTPUT        | LVCMOS18*   |      35 |         12 | SLOW |                     |            FP_VTT_50 |         | UNFIXED    |           |          |      | NONE             |              |                   |              |
| F4         | out_w_flattened[188] | High Range | IO_L11N_T1_SRCC_35           | OUTPUT        | LVCMOS18*   |      35 |         12 | SLOW |                     |            FP_VTT_50 |         | UNFIXED    |           |          |      | NONE             |              |                   |              |
| F5         | out_w_flattened[186] | High Range | IO_L12N_T1_MRCC_35           | OUTPUT        | LVCMOS18*   |      35 |         12 | SLOW |                     |            FP_VTT_50 |         | UNFIXED    |           |          |      | NONE             |              |                   |              |
| F6         |                      | High Range | VCCO_35                      | VCCO          |             |      35 |            |      |                     |                      |    1.80 |            |           |          |      |                  |              |                   |              |
| F7         |                      | High Range | IO_L4N_T0_35                 | User IO       |             |      35 |            |      |                     |                      |         |            |           |          |      |                  |              |                   |              |
| F8         |                      | High Range | IO_L4P_T0_35                 | User IO       |             |      35 |            |      |                     |                      |         |            |           |          |      |                  |              |                   |              |
| F9         |                      |            | GND                          | GND           |             |         |            |      |                     |                      |     0.0 |            |           |          |      |                  |              |                   |              |
| F10        |                      |            | MGTAVCC_G11                  | Gigabit Power |             |         |            |      |                     |                      |         |            |           |          |      |                  |              |                   |              |
| F11        |                      |            | MGTREFCLK0P_216              | Gigabit       |             |         |            |      |                     |                      |         |            |           |          |      |                  |              |                   |              |
| F12        |                      |            | MGTAVCC_G11                  | Gigabit Power |             |         |            |      |                     |                      |         |            |           |          |      |                  |              |                   |              |
| F13        |                      |            | MGTREFCLK1P_216              | Gigabit       |             |         |            |      |                     |                      |         |            |           |          |      |                  |              |                   |              |
| F14        |                      |            | GND                          | GND           |             |         |            |      |                     |                      |     0.0 |            |           |          |      |                  |              |                   |              |
| F15        |                      | High Range | IO_L4N_T0_16                 | User IO       |             |      16 |            |      |                     |                      |         |            |           |          |      |                  |              |                   |              |
| F16        |                      | High Range | VCCO_16                      | VCCO          |             |      16 |            |      |                     |                      |   any** |            |           |          |      |                  |              |                   |              |
| F17        |                      | High Range | IO_L2N_T0_16                 | User IO       |             |      16 |            |      |                     |                      |         |            |           |          |      |                  |              |                   |              |
| F18        |                      | High Range | IO_L3P_T0_DQS_16             | User IO       |             |      16 |            |      |                     |                      |         |            |           |          |      |                  |              |                   |              |
| F19        |                      | High Range | IO_L3N_T0_DQS_16             | User IO       |             |      16 |            |      |                     |                      |         |            |           |          |      |                  |              |                   |              |
| F20        |                      | High Range | IO_L5N_T0_16                 | User IO       |             |      16 |            |      |                     |                      |         |            |           |          |      |                  |              |                   |              |
| F21        |                      |            | GND                          | GND           |             |         |            |      |                     |                      |     0.0 |            |           |          |      |                  |              |                   |              |
| F22        | out_w_flattened[119] | High Range | IO_L15N_T2_DQS_ADV_B_15      | OUTPUT        | LVCMOS18*   |      15 |         12 | SLOW |                     |            FP_VTT_50 |         | UNFIXED    |           |          |      | NONE             |              |                   |              |
| F23        | out_w_flattened[116] | High Range | IO_L17P_T2_A26_15            | OUTPUT        | LVCMOS18*   |      15 |         12 | SLOW |                     |            FP_VTT_50 |         | UNFIXED    |           |          |      | NONE             |              |                   |              |
| F24        | out_w_flattened[111] | High Range | IO_L19N_T3_A21_VREF_15       | OUTPUT        | LVCMOS18*   |      15 |         12 | SLOW |                     |            FP_VTT_50 |         | UNFIXED    |           |          |      | NONE             |              |                   |              |
| F25        | out_w_flattened[103] | High Range | IO_L23N_T3_FWE_B_15          | OUTPUT        | LVCMOS18*   |      15 |         12 | SLOW |                     |            FP_VTT_50 |         | UNFIXED    |           |          |      | NONE             |              |                   |              |
| F26        |                      | High Range | VCCO_15                      | VCCO          |             |      15 |            |      |                     |                      |    1.80 |            |           |          |      |                  |              |                   |              |
| G1         | out_w_flattened[162] | High Range | IO_L24N_T3_35                | OUTPUT        | LVCMOS18*   |      35 |         12 | SLOW |                     |            FP_VTT_50 |         | UNFIXED    |           |          |      | NONE             |              |                   |              |
| G2         | out_w_flattened[163] | High Range | IO_L24P_T3_35                | OUTPUT        | LVCMOS18*   |      35 |         12 | SLOW |                     |            FP_VTT_50 |         | UNFIXED    |           |          |      | NONE             |              |                   |              |
| G3         |                      | High Range | VCCO_35                      | VCCO          |             |      35 |            |      |                     |                      |    1.80 |            |           |          |      |                  |              |                   |              |
| G4         | out_w_flattened[189] | High Range | IO_L11P_T1_SRCC_35           | OUTPUT        | LVCMOS18*   |      35 |         12 | SLOW |                     |            FP_VTT_50 |         | UNFIXED    |           |          |      | NONE             |              |                   |              |
| G5         | out_w_flattened[187] | High Range | IO_L12P_T1_MRCC_35           | OUTPUT        | LVCMOS18*   |      35 |         12 | SLOW |                     |            FP_VTT_50 |         | UNFIXED    |           |          |      | NONE             |              |                   |              |
| G6         |                      | High Range | IO_L5N_T0_AD13N_35           | User IO       |             |      35 |            |      |                     |                      |         |            |           |          |      |                  |              |                   |              |
| G7         |                      | High Range | IO_L3N_T0_DQS_AD5N_35        | User IO       |             |      35 |            |      |                     |                      |         |            |           |          |      |                  |              |                   |              |
| G8         |                      | High Range | IO_L2N_T0_AD12N_35           | User IO       |             |      35 |            |      |                     |                      |         |            |           |          |      |                  |              |                   |              |
| G9         |                      | High Range | IO_L6N_T0_VREF_35            | User IO       |             |      35 |            |      |                     |                      |         |            |           |          |      |                  |              |                   |              |
| G10        |                      |            | GND                          | GND           |             |         |            |      |                     |                      |     0.0 |            |           |          |      |                  |              |                   |              |
| G11        |                      |            | GND                          | GND           |             |         |            |      |                     |                      |     0.0 |            |           |          |      |                  |              |                   |              |
| G12        |                      |            | GND                          | GND           |             |         |            |      |                     |                      |     0.0 |            |           |          |      |                  |              |                   |              |
| G13        |                      |            | GND                          | GND           |             |         |            |      |                     |                      |     0.0 |            |           |          |      |                  |              |                   |              |
| G14        |                      | Dedicated  | VCCBATT_0                    | Config        |             |       0 |            |      |                     |                      |         |            |           |          |      |                  |              |                   |              |
| G15        |                      | High Range | IO_L4P_T0_16                 | User IO       |             |      16 |            |      |                     |                      |         |            |           |          |      |                  |              |                   |              |
| G16        |                      | High Range | IO_L6N_T0_VREF_16            | User IO       |             |      16 |            |      |                     |                      |         |            |           |          |      |                  |              |                   |              |
| G17        |                      | High Range | IO_L2P_T0_16                 | User IO       |             |      16 |            |      |                     |                      |         |            |           |          |      |                  |              |                   |              |
| G18        |                      |            | GND                          | GND           |             |         |            |      |                     |                      |     0.0 |            |           |          |      |                  |              |                   |              |
| G19        |                      | High Range | IO_L5P_T0_16                 | User IO       |             |      16 |            |      |                     |                      |         |            |           |          |      |                  |              |                   |              |
| G20        | out_w_flattened[128] | High Range | IO_L11P_T1_SRCC_15           | OUTPUT        | LVCMOS18*   |      15 |         12 | SLOW |                     |            FP_VTT_50 |         | UNFIXED    |           |          |      | NONE             |              |                   |              |
| G21        | out_w_flattened[127] | High Range | IO_L11N_T1_SRCC_15           | OUTPUT        | LVCMOS18*   |      15 |         12 | SLOW |                     |            FP_VTT_50 |         | UNFIXED    |           |          |      | NONE             |              |                   |              |
| G22        | out_w_flattened[120] | High Range | IO_L15P_T2_DQS_15            | OUTPUT        | LVCMOS18*   |      15 |         12 | SLOW |                     |            FP_VTT_50 |         | UNFIXED    |           |          |      | NONE             |              |                   |              |
| G23        |                      | High Range | VCCO_15                      | VCCO          |             |      15 |            |      |                     |                      |    1.80 |            |           |          |      |                  |              |                   |              |
| G24        | out_w_flattened[112] | High Range | IO_L19P_T3_A22_15            | OUTPUT        | LVCMOS18*   |      15 |         12 | SLOW |                     |            FP_VTT_50 |         | UNFIXED    |           |          |      | NONE             |              |                   |              |
| G25        | out_w_flattened[104] | High Range | IO_L23P_T3_FOE_B_15          | OUTPUT        | LVCMOS18*   |      15 |         12 | SLOW |                     |            FP_VTT_50 |         | UNFIXED    |           |          |      | NONE             |              |                   |              |
| G26        | out_w_flattened[105] | High Range | IO_L22N_T3_A16_15            | OUTPUT        | LVCMOS18*   |      15 |         12 | SLOW |                     |            FP_VTT_50 |         | UNFIXED    |           |          |      | NONE             |              |                   |              |
| H1         | out_b[17]            | High Range | IO_L10N_T1_34                | OUTPUT        | LVCMOS18*   |      34 |         12 | SLOW |                     |            FP_VTT_50 |         | UNFIXED    |           |          |      | NONE             |              |                   |              |
| H2         | out_b[18]            | High Range | IO_L10P_T1_34                | OUTPUT        | LVCMOS18*   |      34 |         12 | SLOW |                     |            FP_VTT_50 |         | UNFIXED    |           |          |      | NONE             |              |                   |              |
| H3         | out_w_flattened[154] | High Range | IO_25_35                     | OUTPUT        | LVCMOS18*   |      35 |         12 | SLOW |                     |            FP_VTT_50 |         | UNFIXED    |           |          |      | NONE             |              |                   |              |
| H4         |                      | High Range | IO_L9N_T1_DQS_AD7N_35        | User IO       |             |      35 |            |      |                     |                      |         |            |           |          |      |                  |              |                   |              |
| H5         |                      |            | GND                          | GND           |             |         |            |      |                     |                      |     0.0 |            |           |          |      |                  |              |                   |              |
| H6         |                      | High Range | IO_L5P_T0_AD13P_35           | User IO       |             |      35 |            |      |                     |                      |         |            |           |          |      |                  |              |                   |              |
| H7         |                      | High Range | IO_L3P_T0_DQS_AD5P_35        | User IO       |             |      35 |            |      |                     |                      |         |            |           |          |      |                  |              |                   |              |
| H8         |                      | High Range | IO_L2P_T0_AD12P_35           | User IO       |             |      35 |            |      |                     |                      |         |            |           |          |      |                  |              |                   |              |
| H9         |                      | High Range | IO_L6P_T0_35                 | User IO       |             |      35 |            |      |                     |                      |         |            |           |          |      |                  |              |                   |              |
| H10        |                      | Dedicated  | TDI_0                        | Config        |             |       0 |            |      |                     |                      |         |            |           |          |      |                  |              |                   |              |
| H11        |                      | Dedicated  | TMS_0                        | Config        |             |       0 |            |      |                     |                      |         |            |           |          |      |                  |              |                   |              |
| H12        |                      | Dedicated  | TCK_0                        | Config        |             |       0 |            |      |                     |                      |         |            |           |          |      |                  |              |                   |              |
| H13        |                      | Dedicated  | CCLK_0                       | Config        |             |       0 |            |      |                     |                      |         |            |           |          |      |                  |              |                   |              |
| H14        |                      | High Range | IO_L1P_T0_16                 | User IO       |             |      16 |            |      |                     |                      |         |            |           |          |      |                  |              |                   |              |
| H15        |                      | High Range | IO_L1N_T0_16                 | User IO       |             |      16 |            |      |                     |                      |         |            |           |          |      |                  |              |                   |              |
| H16        |                      | High Range | IO_L6P_T0_16                 | User IO       |             |      16 |            |      |                     |                      |         |            |           |          |      |                  |              |                   |              |
| H17        |                      | High Range | IO_0_16                      | User IO       |             |      16 |            |      |                     |                      |         |            |           |          |      |                  |              |                   |              |
| H18        | out_w_flattened[129] | High Range | IO_L10N_T1_AD11N_15          | OUTPUT        | LVCMOS18*   |      15 |         12 | SLOW |                     |            FP_VTT_50 |         | UNFIXED    |           |          |      | NONE             |              |                   |              |
| H19        | out_w_flattened[135] | High Range | IO_L7N_T1_AD2N_15            | OUTPUT        | LVCMOS18*   |      15 |         12 | SLOW |                     |            FP_VTT_50 |         | UNFIXED    |           |          |      | NONE             |              |                   |              |
| H20        |                      | High Range | VCCO_15                      | VCCO          |             |      15 |            |      |                     |                      |    1.80 |            |           |          |      |                  |              |                   |              |
| H21        | out_w_flattened[124] | High Range | IO_L13P_T2_MRCC_15           | OUTPUT        | LVCMOS18*   |      15 |         12 | SLOW |                     |            FP_VTT_50 |         | UNFIXED    |           |          |      | NONE             |              |                   |              |
| H22        | out_w_flattened[123] | High Range | IO_L13N_T2_MRCC_15           | OUTPUT        | LVCMOS18*   |      15 |         12 | SLOW |                     |            FP_VTT_50 |         | UNFIXED    |           |          |      | NONE             |              |                   |              |
| H23        | out_w_flattened[121] | High Range | IO_L14N_T2_SRCC_15           | OUTPUT        | LVCMOS18*   |      15 |         12 | SLOW |                     |            FP_VTT_50 |         | UNFIXED    |           |          |      | NONE             |              |                   |              |
| H24        | out_w_flattened[117] | High Range | IO_L16N_T2_A27_15            | OUTPUT        | LVCMOS18*   |      15 |         12 | SLOW |                     |            FP_VTT_50 |         | UNFIXED    |           |          |      | NONE             |              |                   |              |
| H25        |                      |            | GND                          | GND           |             |         |            |      |                     |                      |     0.0 |            |           |          |      |                  |              |                   |              |
| H26        | out_w_flattened[106] | High Range | IO_L22P_T3_A17_15            | OUTPUT        | LVCMOS18*   |      15 |         12 | SLOW |                     |            FP_VTT_50 |         | UNFIXED    |           |          |      | NONE             |              |                   |              |
| J1         | out_b[23]            | High Range | IO_L7N_T1_34                 | OUTPUT        | LVCMOS18*   |      34 |         12 | SLOW |                     |            FP_VTT_50 |         | UNFIXED    |           |          |      | NONE             |              |                   |              |
| J2         |                      |            | GND                          | GND           |             |         |            |      |                     |                      |     0.0 |            |           |          |      |                  |              |                   |              |
| J3         | gate_flag[2]         | High Range | IO_L1N_T0_34                 | INPUT         | LVCMOS18*   |      34 |            |      |                     |                 NONE |         | UNFIXED    |           |          |      | NONE             |              |                   |              |
| J4         |                      | High Range | IO_L9P_T1_DQS_AD7P_35        | User IO       |             |      35 |            |      |                     |                      |         |            |           |          |      |                  |              |                   |              |
| J5         |                      | High Range | IO_L7N_T1_AD6N_35            | User IO       |             |      35 |            |      |                     |                      |         |            |           |          |      |                  |              |                   |              |
| J6         |                      | High Range | IO_L7P_T1_AD6P_35            | User IO       |             |      35 |            |      |                     |                      |         |            |           |          |      |                  |              |                   |              |
| J7         |                      | High Range | VCCO_35                      | VCCO          |             |      35 |            |      |                     |                      |    1.80 |            |           |          |      |                  |              |                   |              |
| J8         |                      | High Range | IO_0_35                      | User IO       |             |      35 |            |      |                     |                      |         |            |           |          |      |                  |              |                   |              |
| J9         |                      |            | VCCAUX                       | VCCAUX        |             |         |            |      |                     |                      |    1.80 |            |           |          |      |                  |              |                   |              |
| J10        |                      | Dedicated  | TDO_0                        | Config        |             |       0 |            |      |                     |                      |         |            |           |          |      |                  |              |                   |              |
| J11        |                      |            | VCCINT                       | VCCINT        |             |         |            |      |                     |                      |         |            |           |          |      |                  |              |                   |              |
| J12        |                      |            | GND                          | GND           |             |         |            |      |                     |                      |     0.0 |            |           |          |      |                  |              |                   |              |
| J13        |                      |            | VCCINT                       | VCCINT        |             |         |            |      |                     |                      |         |            |           |          |      |                  |              |                   |              |
| J14        | out_w_flattened[146] | High Range | IO_L2P_T0_AD8P_15            | OUTPUT        | LVCMOS18*   |      15 |         12 | SLOW |                     |            FP_VTT_50 |         | UNFIXED    |           |          |      | NONE             |              |                   |              |
| J15        | out_w_flattened[145] | High Range | IO_L2N_T0_AD8N_15            | OUTPUT        | LVCMOS18*   |      15 |         12 | SLOW |                     |            FP_VTT_50 |         | UNFIXED    |           |          |      | NONE             |              |                   |              |
| J16        | out_w_flattened[147] | High Range | IO_L1N_T0_AD0N_15            | OUTPUT        | LVCMOS18*   |      15 |         12 | SLOW |                     |            FP_VTT_50 |         | UNFIXED    |           |          |      | NONE             |              |                   |              |
| J17        |                      | High Range | VCCO_15                      | VCCO          |             |      15 |            |      |                     |                      |    1.80 |            |           |          |      |                  |              |                   |              |
| J18        | out_w_flattened[130] | High Range | IO_L10P_T1_AD11P_15          | OUTPUT        | LVCMOS18*   |      15 |         12 | SLOW |                     |            FP_VTT_50 |         | UNFIXED    |           |          |      | NONE             |              |                   |              |
| J19        | out_w_flattened[136] | High Range | IO_L7P_T1_AD2P_15            | OUTPUT        | LVCMOS18*   |      15 |         12 | SLOW |                     |            FP_VTT_50 |         | UNFIXED    |           |          |      | NONE             |              |                   |              |
| J20        | out_w_flattened[131] | High Range | IO_L9N_T1_DQS_AD3N_15        | OUTPUT        | LVCMOS18*   |      15 |         12 | SLOW |                     |            FP_VTT_50 |         | UNFIXED    |           |          |      | NONE             |              |                   |              |
| J21        | out_w_flattened[125] | High Range | IO_L12N_T1_MRCC_15           | OUTPUT        | LVCMOS18*   |      15 |         12 | SLOW |                     |            FP_VTT_50 |         | UNFIXED    |           |          |      | NONE             |              |                   |              |
| J22        |                      |            | GND                          | GND           |             |         |            |      |                     |                      |     0.0 |            |           |          |      |                  |              |                   |              |
| J23        | out_w_flattened[122] | High Range | IO_L14P_T2_SRCC_15           | OUTPUT        | LVCMOS18*   |      15 |         12 | SLOW |                     |            FP_VTT_50 |         | UNFIXED    |           |          |      | NONE             |              |                   |              |
| J24        | out_w_flattened[118] | High Range | IO_L16P_T2_A28_15            | OUTPUT        | LVCMOS18*   |      15 |         12 | SLOW |                     |            FP_VTT_50 |         | UNFIXED    |           |          |      | NONE             |              |                   |              |
| J25        | out_w_flattened[102] | High Range | IO_L24P_T3_RS1_15            | OUTPUT        | LVCMOS18*   |      15 |         12 | SLOW |                     |            FP_VTT_50 |         | UNFIXED    |           |          |      | NONE             |              |                   |              |
| J26        | out_w_flattened[101] | High Range | IO_L24N_T3_RS0_15            | OUTPUT        | LVCMOS18*   |      15 |         12 | SLOW |                     |            FP_VTT_50 |         | UNFIXED    |           |          |      | NONE             |              |                   |              |
| K1         | out_b[24]            | High Range | IO_L7P_T1_34                 | OUTPUT        | LVCMOS18*   |      34 |         12 | SLOW |                     |            FP_VTT_50 |         | UNFIXED    |           |          |      | NONE             |              |                   |              |
| K2         | out_b[21]            | High Range | IO_L8N_T1_34                 | OUTPUT        | LVCMOS18*   |      34 |         12 | SLOW |                     |            FP_VTT_50 |         | UNFIXED    |           |          |      | NONE             |              |                   |              |
| K3         | rst                  | High Range | IO_L1P_T0_34                 | INPUT         | LVCMOS18*   |      34 |            |      |                     |                 NONE |         | UNFIXED    |           |          |      | NONE             |              |                   |              |
| K4         |                      | High Range | VCCO_34                      | VCCO          |             |      34 |            |      |                     |                      |    1.80 |            |           |          |      |                  |              |                   |              |
| K5         | out_b[29]            | High Range | IO_L4N_T0_34                 | OUTPUT        | LVCMOS18*   |      34 |         12 | SLOW |                     |            FP_VTT_50 |         | UNFIXED    |           |          |      | NONE             |              |                   |              |
| K6         | out_w_flattened[190] | High Range | IO_L10N_T1_AD15N_35          | OUTPUT        | LVCMOS18*   |      35 |         12 | SLOW |                     |            FP_VTT_50 |         | UNFIXED    |           |          |      | NONE             |              |                   |              |
| K7         | out_w_flattened[191] | High Range | IO_L10P_T1_AD15P_35          | OUTPUT        | LVCMOS18*   |      35 |         12 | SLOW |                     |            FP_VTT_50 |         | UNFIXED    |           |          |      | NONE             |              |                   |              |
| K8         |                      | High Range | IO_L8N_T1_AD14N_35           | User IO       |             |      35 |            |      |                     |                      |         |            |           |          |      |                  |              |                   |              |
| K9         |                      |            | GND                          | GND           |             |         |            |      |                     |                      |     0.0 |            |           |          |      |                  |              |                   |              |
| K10        |                      |            | VCCINT                       | VCCINT        |             |         |            |      |                     |                      |         |            |           |          |      |                  |              |                   |              |
| K11        |                      |            | GND                          | GND           |             |         |            |      |                     |                      |     0.0 |            |           |          |      |                  |              |                   |              |
| K12        |                      |            | VCCINT                       | VCCINT        |             |         |            |      |                     |                      |         |            |           |          |      |                  |              |                   |              |
| K13        |                      |            | GND                          | GND           |             |         |            |      |                     |                      |     0.0 |            |           |          |      |                  |              |                   |              |
| K14        |                      | High Range | VCCO_15                      | VCCO          |             |      15 |            |      |                     |                      |    1.80 |            |           |          |      |                  |              |                   |              |
| K15        | out_w_flattened[148] | High Range | IO_L1P_T0_AD0P_15            | OUTPUT        | LVCMOS18*   |      15 |         12 | SLOW |                     |            FP_VTT_50 |         | UNFIXED    |           |          |      | NONE             |              |                   |              |
| K16        | out_w_flattened[144] | High Range | IO_L3P_T0_DQS_AD1P_15        | OUTPUT        | LVCMOS18*   |      15 |         12 | SLOW |                     |            FP_VTT_50 |         | UNFIXED    |           |          |      | NONE             |              |                   |              |
| K17        | out_w_flattened[143] | High Range | IO_L3N_T0_DQS_AD1N_15        | OUTPUT        | LVCMOS18*   |      15 |         12 | SLOW |                     |            FP_VTT_50 |         | UNFIXED    |           |          |      | NONE             |              |                   |              |
| K18        | out_w_flattened[149] | High Range | IO_0_15                      | OUTPUT        | LVCMOS18*   |      15 |         12 | SLOW |                     |            FP_VTT_50 |         | UNFIXED    |           |          |      | NONE             |              |                   |              |
| K19        |                      |            | GND                          | GND           |             |         |            |      |                     |                      |     0.0 |            |           |          |      |                  |              |                   |              |
| K20        | out_w_flattened[132] | High Range | IO_L9P_T1_DQS_AD3P_15        | OUTPUT        | LVCMOS18*   |      15 |         12 | SLOW |                     |            FP_VTT_50 |         | UNFIXED    |           |          |      | NONE             |              |                   |              |
| K21        | out_w_flattened[126] | High Range | IO_L12P_T1_MRCC_15           | OUTPUT        | LVCMOS18*   |      15 |         12 | SLOW |                     |            FP_VTT_50 |         | UNFIXED    |           |          |      | NONE             |              |                   |              |
| K22        | out_w_flattened[114] | High Range | IO_L18P_T2_A24_15            | OUTPUT        | LVCMOS18*   |      15 |         12 | SLOW |                     |            FP_VTT_50 |         | UNFIXED    |           |          |      | NONE             |              |                   |              |
| K23        | out_w_flattened[113] | High Range | IO_L18N_T2_A23_15            | OUTPUT        | LVCMOS18*   |      15 |         12 | SLOW |                     |            FP_VTT_50 |         | UNFIXED    |           |          |      | NONE             |              |                   |              |
| K24        |                      | High Range | VCCO_14                      | VCCO          |             |      14 |            |      |                     |                      |    1.80 |            |           |          |      |                  |              |                   |              |
| K25        | out_w_flattened[86]  | High Range | IO_L7P_T1_D09_14             | OUTPUT        | LVCMOS18*   |      14 |         12 | SLOW |                     |            FP_VTT_50 |         | UNFIXED    |           |          |      | NONE             |              |                   |              |
| K26        | out_w_flattened[85]  | High Range | IO_L7N_T1_D10_14             | OUTPUT        | LVCMOS18*   |      14 |         12 | SLOW |                     |            FP_VTT_50 |         | UNFIXED    |           |          |      | NONE             |              |                   |              |
| L1         |                      | High Range | VCCO_34                      | VCCO          |             |      34 |            |      |                     |                      |    1.80 |            |           |          |      |                  |              |                   |              |
| L2         | out_b[16]            | High Range | IO_L11N_T1_SRCC_34           | OUTPUT        | LVCMOS18*   |      34 |         12 | SLOW |                     |            FP_VTT_50 |         | UNFIXED    |           |          |      | NONE             |              |                   |              |
| L3         | out_b[22]            | High Range | IO_L8P_T1_34                 | OUTPUT        | LVCMOS18*   |      34 |         12 | SLOW |                     |            FP_VTT_50 |         | UNFIXED    |           |          |      | NONE             |              |                   |              |
| L4         | out_b[31]            | High Range | IO_L3N_T0_DQS_34             | OUTPUT        | LVCMOS18*   |      34 |         12 | SLOW |                     |            FP_VTT_50 |         | UNFIXED    |           |          |      | NONE             |              |                   |              |
| L5         | out_b[30]            | High Range | IO_L4P_T0_34                 | OUTPUT        | LVCMOS18*   |      34 |         12 | SLOW |                     |            FP_VTT_50 |         | UNFIXED    |           |          |      | NONE             |              |                   |              |
| L6         |                      |            | GND                          | GND           |             |         |            |      |                     |                      |     0.0 |            |           |          |      |                  |              |                   |              |
| L7         | gate_flag[0]         | High Range | IO_L2N_T0_34                 | INPUT         | LVCMOS18*   |      34 |            |      |                     |                 NONE |         | UNFIXED    |           |          |      | NONE             |              |                   |              |
| L8         |                      | High Range | IO_L8P_T1_AD14P_35           | User IO       |             |      35 |            |      |                     |                      |         |            |           |          |      |                  |              |                   |              |
| L9         |                      |            | VCCAUX                       | VCCAUX        |             |         |            |      |                     |                      |    1.80 |            |           |          |      |                  |              |                   |              |
| L10        |                      |            | GND                          | GND           |             |         |            |      |                     |                      |     0.0 |            |           |          |      |                  |              |                   |              |
| L11        |                      |            | VCCINT                       | VCCINT        |             |         |            |      |                     |                      |         |            |           |          |      |                  |              |                   |              |
| L12        |                      |            | GND                          | GND           |             |         |            |      |                     |                      |     0.0 |            |           |          |      |                  |              |                   |              |
| L13        |                      |            | VCCINT                       | VCCINT        |             |         |            |      |                     |                      |         |            |           |          |      |                  |              |                   |              |
| L14        | out_w_flattened[141] | High Range | IO_L4N_T0_15                 | OUTPUT        | LVCMOS18*   |      15 |         12 | SLOW |                     |            FP_VTT_50 |         | UNFIXED    |           |          |      | NONE             |              |                   |              |
| L15        | out_w_flattened[139] | High Range | IO_L5N_T0_AD9N_15            | OUTPUT        | LVCMOS18*   |      15 |         12 | SLOW |                     |            FP_VTT_50 |         | UNFIXED    |           |          |      | NONE             |              |                   |              |
| L16        |                      |            | GND                          | GND           |             |         |            |      |                     |                      |     0.0 |            |           |          |      |                  |              |                   |              |
| L17        | out_w_flattened[134] | High Range | IO_L8P_T1_AD10P_15           | OUTPUT        | LVCMOS18*   |      15 |         12 | SLOW |                     |            FP_VTT_50 |         | UNFIXED    |           |          |      | NONE             |              |                   |              |
| L18        | out_w_flattened[133] | High Range | IO_L8N_T1_AD10N_15           | OUTPUT        | LVCMOS18*   |      15 |         12 | SLOW |                     |            FP_VTT_50 |         | UNFIXED    |           |          |      | NONE             |              |                   |              |
| L19        | out_w_flattened[100] | High Range | IO_25_15                     | OUTPUT        | LVCMOS18*   |      15 |         12 | SLOW |                     |            FP_VTT_50 |         | UNFIXED    |           |          |      | NONE             |              |                   |              |
| L20        | out_w_flattened[83]  | High Range | IO_L8N_T1_D12_14             | OUTPUT        | LVCMOS18*   |      14 |         12 | SLOW |                     |            FP_VTT_50 |         | UNFIXED    |           |          |      | NONE             |              |                   |              |
| L21        |                      | High Range | VCCO_14                      | VCCO          |             |      14 |            |      |                     |                      |    1.80 |            |           |          |      |                  |              |                   |              |
| L22        | out_w_flattened[78]  | High Range | IO_L11P_T1_SRCC_14           | OUTPUT        | LVCMOS18*   |      14 |         12 | SLOW |                     |            FP_VTT_50 |         | UNFIXED    |           |          |      | NONE             |              |                   |              |
| L23        | out_w_flattened[77]  | High Range | IO_L11N_T1_SRCC_14           | OUTPUT        | LVCMOS18*   |      14 |         12 | SLOW |                     |            FP_VTT_50 |         | UNFIXED    |           |          |      | NONE             |              |                   |              |
| L24        | out_w_flattened[82]  | High Range | IO_L9P_T1_DQS_14             | OUTPUT        | LVCMOS18*   |      14 |         12 | SLOW |                     |            FP_VTT_50 |         | UNFIXED    |           |          |      | NONE             |              |                   |              |
| L25        | out_w_flattened[81]  | High Range | IO_L9N_T1_DQS_D13_14         | OUTPUT        | LVCMOS18*   |      14 |         12 | SLOW |                     |            FP_VTT_50 |         | UNFIXED    |           |          |      | NONE             |              |                   |              |
| L26        |                      |            | GND                          | GND           |             |         |            |      |                     |                      |     0.0 |            |           |          |      |                  |              |                   |              |
| M1         | out_b[19]            | High Range | IO_L9N_T1_DQS_34             | OUTPUT        | LVCMOS18*   |      34 |         12 | SLOW |                     |            FP_VTT_50 |         | UNFIXED    |           |          |      | NONE             |              |                   |              |
| M2         | clk                  | High Range | IO_L11P_T1_SRCC_34           | INPUT         | LVCMOS18*   |      34 |            |      |                     |                 NONE |         | UNFIXED    |           |          |      | NONE             |              |                   |              |
| M3         |                      |            | GND                          | GND           |             |         |            |      |                     |                      |     0.0 |            |           |          |      |                  |              |                   |              |
| M4         | done                 | High Range | IO_L3P_T0_DQS_34             | OUTPUT        | LVCMOS18*   |      34 |         12 | SLOW |                     |            FP_VTT_50 |         | UNFIXED    |           |          |      | NONE             |              |                   |              |
| M5         | out_b[25]            | High Range | IO_L6N_T0_VREF_34            | OUTPUT        | LVCMOS18*   |      34 |         12 | SLOW |                     |            FP_VTT_50 |         | UNFIXED    |           |          |      | NONE             |              |                   |              |
| M6         | out_b[26]            | High Range | IO_L6P_T0_34                 | OUTPUT        | LVCMOS18*   |      34 |         12 | SLOW |                     |            FP_VTT_50 |         | UNFIXED    |           |          |      | NONE             |              |                   |              |
| M7         | gate_flag[1]         | High Range | IO_L2P_T0_34                 | INPUT         | LVCMOS18*   |      34 |            |      |                     |                 NONE |         | UNFIXED    |           |          |      | NONE             |              |                   |              |
| M8         |                      | High Range | VCCO_34                      | VCCO          |             |      34 |            |      |                     |                      |    1.80 |            |           |          |      |                  |              |                   |              |
| M9         |                      |            | GND                          | GND           |             |         |            |      |                     |                      |     0.0 |            |           |          |      |                  |              |                   |              |
| M10        |                      |            | VCCINT                       | VCCINT        |             |         |            |      |                     |                      |         |            |           |          |      |                  |              |                   |              |
| M11        |                      | Dedicated  | GNDADC_0                     | XADC          |             |       0 |            |      |                     |                      |         |            |           |          |      |                  |              |                   |              |
| M12        |                      | Dedicated  | VCCADC_0                     | XADC          |             |       0 |            |      |                     |                      |         |            |           |          |      |                  |              |                   |              |
| M13        |                      |            | GND                          | GND           |             |         |            |      |                     |                      |     0.0 |            |           |          |      |                  |              |                   |              |
| M14        | out_w_flattened[142] | High Range | IO_L4P_T0_15                 | OUTPUT        | LVCMOS18*   |      15 |         12 | SLOW |                     |            FP_VTT_50 |         | UNFIXED    |           |          |      | NONE             |              |                   |              |
| M15        | out_w_flattened[140] | High Range | IO_L5P_T0_AD9P_15            | OUTPUT        | LVCMOS18*   |      15 |         12 | SLOW |                     |            FP_VTT_50 |         | UNFIXED    |           |          |      | NONE             |              |                   |              |
| M16        | out_w_flattened[138] | High Range | IO_L6P_T0_15                 | OUTPUT        | LVCMOS18*   |      15 |         12 | SLOW |                     |            FP_VTT_50 |         | UNFIXED    |           |          |      | NONE             |              |                   |              |
| M17        | out_w_flattened[137] | High Range | IO_L6N_T0_VREF_15            | OUTPUT        | LVCMOS18*   |      15 |         12 | SLOW |                     |            FP_VTT_50 |         | UNFIXED    |           |          |      | NONE             |              |                   |              |
| M18        |                      | High Range | VCCO_15                      | VCCO          |             |      15 |            |      |                     |                      |    1.80 |            |           |          |      |                  |              |                   |              |
| M19        | out_w_flattened[99]  | High Range | IO_0_14                      | OUTPUT        | LVCMOS18*   |      14 |         12 | SLOW |                     |            FP_VTT_50 |         | UNFIXED    |           |          |      | NONE             |              |                   |              |
| M20        | out_w_flattened[84]  | High Range | IO_L8P_T1_D11_14             | OUTPUT        | LVCMOS18*   |      14 |         12 | SLOW |                     |            FP_VTT_50 |         | UNFIXED    |           |          |      | NONE             |              |                   |              |
| M21        | out_w_flattened[76]  | High Range | IO_L12P_T1_MRCC_14           | OUTPUT        | LVCMOS18*   |      14 |         12 | SLOW |                     |            FP_VTT_50 |         | UNFIXED    |           |          |      | NONE             |              |                   |              |
| M22        | out_w_flattened[75]  | High Range | IO_L12N_T1_MRCC_14           | OUTPUT        | LVCMOS18*   |      14 |         12 | SLOW |                     |            FP_VTT_50 |         | UNFIXED    |           |          |      | NONE             |              |                   |              |
| M23        |                      |            | GND                          | GND           |             |         |            |      |                     |                      |     0.0 |            |           |          |      |                  |              |                   |              |
| M24        | out_w_flattened[80]  | High Range | IO_L10P_T1_D14_14            | OUTPUT        | LVCMOS18*   |      14 |         12 | SLOW |                     |            FP_VTT_50 |         | UNFIXED    |           |          |      | NONE             |              |                   |              |
| M25        | out_w_flattened[79]  | High Range | IO_L10N_T1_D15_14            | OUTPUT        | LVCMOS18*   |      14 |         12 | SLOW |                     |            FP_VTT_50 |         | UNFIXED    |           |          |      | NONE             |              |                   |              |
| M26        | out_w_flattened[59]  | High Range | IO_L20N_T3_A07_D23_14        | OUTPUT        | LVCMOS18*   |      14 |         12 | SLOW |                     |            FP_VTT_50 |         | UNFIXED    |           |          |      | NONE             |              |                   |              |
| N1         | out_b[20]            | High Range | IO_L9P_T1_DQS_34             | OUTPUT        | LVCMOS18*   |      34 |         12 | SLOW |                     |            FP_VTT_50 |         | UNFIXED    |           |          |      | NONE             |              |                   |              |
| N2         | out_b[14]            | High Range | IO_L12N_T1_MRCC_34           | OUTPUT        | LVCMOS18*   |      34 |         12 | SLOW |                     |            FP_VTT_50 |         | UNFIXED    |           |          |      | NONE             |              |                   |              |
| N3         | out_b[15]            | High Range | IO_L12P_T1_MRCC_34           | OUTPUT        | LVCMOS18*   |      34 |         12 | SLOW |                     |            FP_VTT_50 |         | UNFIXED    |           |          |      | NONE             |              |                   |              |
| N4         | out_b[10]            | High Range | IO_L14N_T2_SRCC_34           | OUTPUT        | LVCMOS18*   |      34 |         12 | SLOW |                     |            FP_VTT_50 |         | UNFIXED    |           |          |      | NONE             |              |                   |              |
| N5         |                      | High Range | VCCO_34                      | VCCO          |             |      34 |            |      |                     |                      |    1.80 |            |           |          |      |                  |              |                   |              |
| N6         | out_b[27]            | High Range | IO_L5N_T0_34                 | OUTPUT        | LVCMOS18*   |      34 |         12 | SLOW |                     |            FP_VTT_50 |         | UNFIXED    |           |          |      | NONE             |              |                   |              |
| N7         | out_b[28]            | High Range | IO_L5P_T0_34                 | OUTPUT        | LVCMOS18*   |      34 |         12 | SLOW |                     |            FP_VTT_50 |         | UNFIXED    |           |          |      | NONE             |              |                   |              |
| N8         | start                | High Range | IO_0_34                      | INPUT         | LVCMOS18*   |      34 |            |      |                     |                 NONE |         | UNFIXED    |           |          |      | NONE             |              |                   |              |
| N9         |                      |            | VCCAUX                       | VCCAUX        |             |         |            |      |                     |                      |    1.80 |            |           |          |      |                  |              |                   |              |
| N10        |                      |            | GND                          | GND           |             |         |            |      |                     |                      |     0.0 |            |           |          |      |                  |              |                   |              |
| N11        |                      | Dedicated  | VREFN_0                      | XADC          |             |       0 |            |      |                     |                      |         |            |           |          |      |                  |              |                   |              |
| N12        |                      | Dedicated  | VP_0                         | XADC          |             |       0 |            |      |                     |                      |         |            |           |          |      |                  |              |                   |              |
| N13        |                      |            | VCCBRAM                      | VCCBRAM       |             |         |            |      |                     |                      |         |            |           |          |      |                  |              |                   |              |
| N14        | out_w_flattened[95]  | High Range | IO_L2N_T0_D03_14             | OUTPUT        | LVCMOS18*   |      14 |         12 | SLOW |                     |            FP_VTT_50 |         | UNFIXED    |           |          |      | NONE             |              |                   |              |
| N15        |                      | High Range | VCCO_14                      | VCCO          |             |      14 |            |      |                     |                      |    1.80 |            |           |          |      |                  |              |                   |              |
| N16        | out_w_flattened[92]  | High Range | IO_L4P_T0_D04_14             | OUTPUT        | LVCMOS18*   |      14 |         12 | SLOW |                     |            FP_VTT_50 |         | UNFIXED    |           |          |      | NONE             |              |                   |              |
| N17        | out_w_flattened[91]  | High Range | IO_L4N_T0_D05_14             | OUTPUT        | LVCMOS18*   |      14 |         12 | SLOW |                     |            FP_VTT_50 |         | UNFIXED    |           |          |      | NONE             |              |                   |              |
| N18        | out_w_flattened[87]  | High Range | IO_L6N_T0_D08_VREF_14        | OUTPUT        | LVCMOS18*   |      14 |         12 | SLOW |                     |            FP_VTT_50 |         | UNFIXED    |           |          |      | NONE             |              |                   |              |
| N19        | out_w_flattened[67]  | High Range | IO_L16N_T2_A15_D31_14        | OUTPUT        | LVCMOS18*   |      14 |         12 | SLOW |                     |            FP_VTT_50 |         | UNFIXED    |           |          |      | NONE             |              |                   |              |
| N20        |                      |            | GND                          | GND           |             |         |            |      |                     |                      |     0.0 |            |           |          |      |                  |              |                   |              |
| N21        | out_w_flattened[74]  | High Range | IO_L13P_T2_MRCC_14           | OUTPUT        | LVCMOS18*   |      14 |         12 | SLOW |                     |            FP_VTT_50 |         | UNFIXED    |           |          |      | NONE             |              |                   |              |
| N22        | out_w_flattened[73]  | High Range | IO_L13N_T2_MRCC_14           | OUTPUT        | LVCMOS18*   |      14 |         12 | SLOW |                     |            FP_VTT_50 |         | UNFIXED    |           |          |      | NONE             |              |                   |              |
| N23        | out_w_flattened[70]  | High Range | IO_L15P_T2_DQS_RDWR_B_14     | OUTPUT        | LVCMOS18*   |      14 |         12 | SLOW |                     |            FP_VTT_50 |         | UNFIXED    |           |          |      | NONE             |              |                   |              |
| N24        | out_w_flattened[69]  | High Range | IO_L15N_T2_DQS_DOUT_CSO_B_14 | OUTPUT        | LVCMOS18*   |      14 |         12 | SLOW |                     |            FP_VTT_50 |         | UNFIXED    |           |          |      | NONE             |              |                   |              |
| N25        |                      | High Range | VCCO_14                      | VCCO          |             |      14 |            |      |                     |                      |    1.80 |            |           |          |      |                  |              |                   |              |
| N26        | out_w_flattened[60]  | High Range | IO_L20P_T3_A08_D24_14        | OUTPUT        | LVCMOS18*   |      14 |         12 | SLOW |                     |            FP_VTT_50 |         | UNFIXED    |           |          |      | NONE             |              |                   |              |
| P1         | out_b[8]             | High Range | IO_L15N_T2_DQS_34            | OUTPUT        | LVCMOS18*   |      34 |         12 | SLOW |                     |            FP_VTT_50 |         | UNFIXED    |           |          |      | NONE             |              |                   |              |
| P2         |                      | High Range | VCCO_34                      | VCCO          |             |      34 |            |      |                     |                      |    1.80 |            |           |          |      |                  |              |                   |              |
| P3         | out_b[12]            | High Range | IO_L13N_T2_MRCC_34           | OUTPUT        | LVCMOS18*   |      34 |         12 | SLOW |                     |            FP_VTT_50 |         | UNFIXED    |           |          |      | NONE             |              |                   |              |
| P4         | out_b[11]            | High Range | IO_L14P_T2_SRCC_34           | OUTPUT        | LVCMOS18*   |      34 |         12 | SLOW |                     |            FP_VTT_50 |         | UNFIXED    |           |          |      | NONE             |              |                   |              |
| P5         | out_b[0]             | High Range | IO_L19N_T3_VREF_34           | OUTPUT        | LVCMOS18*   |      34 |         12 | SLOW |                     |            FP_VTT_50 |         | UNFIXED    |           |          |      | NONE             |              |                   |              |
| P6         | out_b[1]             | High Range | IO_L19P_T3_34                | OUTPUT        | LVCMOS18*   |      34 |         12 | SLOW |                     |            FP_VTT_50 |         | UNFIXED    |           |          |      | NONE             |              |                   |              |
| P7         |                      |            | GND                          | GND           |             |         |            |      |                     |                      |     0.0 |            |           |          |      |                  |              |                   |              |
| P8         | out_w_flattened[156] | High Range | IO_L22N_T3_34                | OUTPUT        | LVCMOS18*   |      34 |         12 | SLOW |                     |            FP_VTT_50 |         | UNFIXED    |           |          |      | NONE             |              |                   |              |
| P9         |                      |            | GND                          | GND           |             |         |            |      |                     |                      |     0.0 |            |           |          |      |                  |              |                   |              |
| P10        |                      |            | VCCINT                       | VCCINT        |             |         |            |      |                     |                      |         |            |           |          |      |                  |              |                   |              |
| P11        |                      | Dedicated  | VN_0                         | XADC          |             |       0 |            |      |                     |                      |         |            |           |          |      |                  |              |                   |              |
| P12        |                      | Dedicated  | VREFP_0                      | XADC          |             |       0 |            |      |                     |                      |         |            |           |          |      |                  |              |                   |              |
| P13        |                      |            | GND                          | GND           |             |         |            |      |                     |                      |     0.0 |            |           |          |      |                  |              |                   |              |
| P14        | out_w_flattened[96]  | High Range | IO_L2P_T0_D02_14             | OUTPUT        | LVCMOS18*   |      14 |         12 | SLOW |                     |            FP_VTT_50 |         | UNFIXED    |           |          |      | NONE             |              |                   |              |
| P15        | out_w_flattened[94]  | High Range | IO_L3P_T0_DQS_PUDC_B_14      | OUTPUT        | LVCMOS18*   |      14 |         12 | SLOW |                     |            FP_VTT_50 |         | UNFIXED    |           |          |      | NONE             |              |                   |              |
| P16        | out_w_flattened[93]  | High Range | IO_L3N_T0_DQS_EMCCLK_14      | OUTPUT        | LVCMOS18*   |      14 |         12 | SLOW |                     |            FP_VTT_50 |         | UNFIXED    |           |          |      | NONE             |              |                   |              |
| P17        |                      |            | GND                          | GND           |             |         |            |      |                     |                      |     0.0 |            |           |          |      |                  |              |                   |              |
| P18        | out_w_flattened[88]  | High Range | IO_L6P_T0_FCS_B_14           | OUTPUT        | LVCMOS18*   |      14 |         12 | SLOW |                     |            FP_VTT_50 |         | UNFIXED    |           |          |      | NONE             |              |                   |              |
| P19        | out_w_flattened[68]  | High Range | IO_L16P_T2_CSI_B_14          | OUTPUT        | LVCMOS18*   |      14 |         12 | SLOW |                     |            FP_VTT_50 |         | UNFIXED    |           |          |      | NONE             |              |                   |              |
| P20        | out_w_flattened[72]  | High Range | IO_L14P_T2_SRCC_14           | OUTPUT        | LVCMOS18*   |      14 |         12 | SLOW |                     |            FP_VTT_50 |         | UNFIXED    |           |          |      | NONE             |              |                   |              |
| P21        | out_w_flattened[71]  | High Range | IO_L14N_T2_SRCC_14           | OUTPUT        | LVCMOS18*   |      14 |         12 | SLOW |                     |            FP_VTT_50 |         | UNFIXED    |           |          |      | NONE             |              |                   |              |
| P22        |                      | High Range | VCCO_14                      | VCCO          |             |      14 |            |      |                     |                      |    1.80 |            |           |          |      |                  |              |                   |              |
| P23        | out_w_flattened[66]  | High Range | IO_L17P_T2_A14_D30_14        | OUTPUT        | LVCMOS18*   |      14 |         12 | SLOW |                     |            FP_VTT_50 |         | UNFIXED    |           |          |      | NONE             |              |                   |              |
| P24        | out_w_flattened[65]  | High Range | IO_L17N_T2_A13_D29_14        | OUTPUT        | LVCMOS18*   |      14 |         12 | SLOW |                     |            FP_VTT_50 |         | UNFIXED    |           |          |      | NONE             |              |                   |              |
| P25        | out_w_flattened[61]  | High Range | IO_L19N_T3_A09_D25_VREF_14   | OUTPUT        | LVCMOS18*   |      14 |         12 | SLOW |                     |            FP_VTT_50 |         | UNFIXED    |           |          |      | NONE             |              |                   |              |
| P26        | out_w_flattened[55]  | High Range | IO_L22N_T3_A04_D20_14        | OUTPUT        | LVCMOS18*   |      14 |         12 | SLOW |                     |            FP_VTT_50 |         | UNFIXED    |           |          |      | NONE             |              |                   |              |
| R1         | out_b[9]             | High Range | IO_L15P_T2_DQS_34            | OUTPUT        | LVCMOS18*   |      34 |         12 | SLOW |                     |            FP_VTT_50 |         | UNFIXED    |           |          |      | NONE             |              |                   |              |
| R2         | out_b[4]             | High Range | IO_L17N_T2_34                | OUTPUT        | LVCMOS18*   |      34 |         12 | SLOW |                     |            FP_VTT_50 |         | UNFIXED    |           |          |      | NONE             |              |                   |              |
| R3         | out_b[13]            | High Range | IO_L13P_T2_MRCC_34           | OUTPUT        | LVCMOS18*   |      34 |         12 | SLOW |                     |            FP_VTT_50 |         | UNFIXED    |           |          |      | NONE             |              |                   |              |
| R4         |                      |            | GND                          | GND           |             |         |            |      |                     |                      |     0.0 |            |           |          |      |                  |              |                   |              |
| R5         | out_w_flattened[160] | High Range | IO_L20N_T3_34                | OUTPUT        | LVCMOS18*   |      34 |         12 | SLOW |                     |            FP_VTT_50 |         | UNFIXED    |           |          |      | NONE             |              |                   |              |
| R6         | out_w_flattened[153] | High Range | IO_L23N_T3_34                | OUTPUT        | LVCMOS18*   |      34 |         12 | SLOW |                     |            FP_VTT_50 |         | UNFIXED    |           |          |      | NONE             |              |                   |              |
| R7         | out_w_flattened[155] | High Range | IO_L23P_T3_34                | OUTPUT        | LVCMOS18*   |      34 |         12 | SLOW |                     |            FP_VTT_50 |         | UNFIXED    |           |          |      | NONE             |              |                   |              |
| R8         | out_w_flattened[157] | High Range | IO_L22P_T3_34                | OUTPUT        | LVCMOS18*   |      34 |         12 | SLOW |                     |            FP_VTT_50 |         | UNFIXED    |           |          |      | NONE             |              |                   |              |
| R9         |                      |            | VCCAUX                       | VCCAUX        |             |         |            |      |                     |                      |    1.80 |            |           |          |      |                  |              |                   |              |
| R10        |                      |            | GND                          | GND           |             |         |            |      |                     |                      |     0.0 |            |           |          |      |                  |              |                   |              |
| R11        |                      | Dedicated  | DXN_0                        | Temp Sensor   |             |       0 |            |      |                     |                      |         |            |           |          |      |                  |              |                   |              |
| R12        |                      | Dedicated  | DXP_0                        | Temp Sensor   |             |       0 |            |      |                     |                      |         |            |           |          |      |                  |              |                   |              |
| R13        |                      |            | VCCBRAM                      | VCCBRAM       |             |         |            |      |                     |                      |         |            |           |          |      |                  |              |                   |              |
| R14        | out_w_flattened[98]  | High Range | IO_L1P_T0_D00_MOSI_14        | OUTPUT        | LVCMOS18*   |      14 |         12 | SLOW |                     |            FP_VTT_50 |         | UNFIXED    |           |          |      | NONE             |              |                   |              |
| R15        | out_w_flattened[97]  | High Range | IO_L1N_T0_D01_DIN_14         | OUTPUT        | LVCMOS18*   |      14 |         12 | SLOW |                     |            FP_VTT_50 |         | UNFIXED    |           |          |      | NONE             |              |                   |              |
| R16        | out_w_flattened[90]  | High Range | IO_L5P_T0_D06_14             | OUTPUT        | LVCMOS18*   |      14 |         12 | SLOW |                     |            FP_VTT_50 |         | UNFIXED    |           |          |      | NONE             |              |                   |              |
| R17        | out_w_flattened[89]  | High Range | IO_L5N_T0_D07_14             | OUTPUT        | LVCMOS18*   |      14 |         12 | SLOW |                     |            FP_VTT_50 |         | UNFIXED    |           |          |      | NONE             |              |                   |              |
| R18        | out_w_flattened[50]  | High Range | IO_25_14                     | OUTPUT        | LVCMOS18*   |      14 |         12 | SLOW |                     |            FP_VTT_50 |         | UNFIXED    |           |          |      | NONE             |              |                   |              |
| R19        |                      | High Range | VCCO_14                      | VCCO          |             |      14 |            |      |                     |                      |    1.80 |            |           |          |      |                  |              |                   |              |
| R20        | out_w_flattened[64]  | High Range | IO_L18P_T2_A12_D28_14        | OUTPUT        | LVCMOS18*   |      14 |         12 | SLOW |                     |            FP_VTT_50 |         | UNFIXED    |           |          |      | NONE             |              |                   |              |
| R21        | out_w_flattened[63]  | High Range | IO_L18N_T2_A11_D27_14        | OUTPUT        | LVCMOS18*   |      14 |         12 | SLOW |                     |            FP_VTT_50 |         | UNFIXED    |           |          |      | NONE             |              |                   |              |
| R22        | out_w_flattened[53]  | High Range | IO_L23N_T3_A02_D18_14        | OUTPUT        | LVCMOS18*   |      14 |         12 | SLOW |                     |            FP_VTT_50 |         | UNFIXED    |           |          |      | NONE             |              |                   |              |
| R23        | out_w_flattened[51]  | High Range | IO_L24N_T3_A00_D16_14        | OUTPUT        | LVCMOS18*   |      14 |         12 | SLOW |                     |            FP_VTT_50 |         | UNFIXED    |           |          |      | NONE             |              |                   |              |
| R24        |                      |            | GND                          | GND           |             |         |            |      |                     |                      |     0.0 |            |           |          |      |                  |              |                   |              |
| R25        | out_w_flattened[62]  | High Range | IO_L19P_T3_A10_D26_14        | OUTPUT        | LVCMOS18*   |      14 |         12 | SLOW |                     |            FP_VTT_50 |         | UNFIXED    |           |          |      | NONE             |              |                   |              |
| R26        | out_w_flattened[56]  | High Range | IO_L22P_T3_A05_D21_14        | OUTPUT        | LVCMOS18*   |      14 |         12 | SLOW |                     |            FP_VTT_50 |         | UNFIXED    |           |          |      | NONE             |              |                   |              |
| T1         |                      |            | GND                          | GND           |             |         |            |      |                     |                      |     0.0 |            |           |          |      |                  |              |                   |              |
| T2         | out_b[5]             | High Range | IO_L17P_T2_34                | OUTPUT        | LVCMOS18*   |      34 |         12 | SLOW |                     |            FP_VTT_50 |         | UNFIXED    |           |          |      | NONE             |              |                   |              |
| T3         | out_b[6]             | High Range | IO_L16N_T2_34                | OUTPUT        | LVCMOS18*   |      34 |         12 | SLOW |                     |            FP_VTT_50 |         | UNFIXED    |           |          |      | NONE             |              |                   |              |
| T4         | out_b[7]             | High Range | IO_L16P_T2_34                | OUTPUT        | LVCMOS18*   |      34 |         12 | SLOW |                     |            FP_VTT_50 |         | UNFIXED    |           |          |      | NONE             |              |                   |              |
| T5         | out_w_flattened[161] | High Range | IO_L20P_T3_34                | OUTPUT        | LVCMOS18*   |      34 |         12 | SLOW |                     |            FP_VTT_50 |         | UNFIXED    |           |          |      | NONE             |              |                   |              |
| T6         |                      | High Range | VCCO_34                      | VCCO          |             |      34 |            |      |                     |                      |    1.80 |            |           |          |      |                  |              |                   |              |
| T7         | out_w_flattened[151] | High Range | IO_L24N_T3_34                | OUTPUT        | LVCMOS18*   |      34 |         12 | SLOW |                     |            FP_VTT_50 |         | UNFIXED    |           |          |      | NONE             |              |                   |              |
| T8         | out_w_flattened[152] | High Range | IO_L24P_T3_34                | OUTPUT        | LVCMOS18*   |      34 |         12 | SLOW |                     |            FP_VTT_50 |         | UNFIXED    |           |          |      | NONE             |              |                   |              |
| T9         |                      |            | GND                          | GND           |             |         |            |      |                     |                      |     0.0 |            |           |          |      |                  |              |                   |              |
| T10        |                      |            | VCCINT                       | VCCINT        |             |         |            |      |                     |                      |         |            |           |          |      |                  |              |                   |              |
| T11        |                      |            | GND                          | GND           |             |         |            |      |                     |                      |     0.0 |            |           |          |      |                  |              |                   |              |
| T12        |                      |            | VCCINT                       | VCCINT        |             |         |            |      |                     |                      |         |            |           |          |      |                  |              |                   |              |
| T13        |                      |            | GND                          | GND           |             |         |            |      |                     |                      |     0.0 |            |           |          |      |                  |              |                   |              |
| T14        | out_w_flattened[10]  | High Range | IO_L20P_T3_13                | OUTPUT        | LVCMOS18*   |      13 |         12 | SLOW |                     |            FP_VTT_50 |         | UNFIXED    |           |          |      | NONE             |              |                   |              |
| T15        | out_w_flattened[9]   | High Range | IO_L20N_T3_13                | OUTPUT        | LVCMOS18*   |      13 |         12 | SLOW |                     |            FP_VTT_50 |         | UNFIXED    |           |          |      | NONE             |              |                   |              |
| T16        |                      | High Range | VCCO_13                      | VCCO          |             |      13 |            |      |                     |                      |    1.80 |            |           |          |      |                  |              |                   |              |
| T17        | out_w_flattened[8]   | High Range | IO_L21P_T3_DQS_13            | OUTPUT        | LVCMOS18*   |      13 |         12 | SLOW |                     |            FP_VTT_50 |         | UNFIXED    |           |          |      | NONE             |              |                   |              |
| T18        | out_w_flattened[7]   | High Range | IO_L21N_T3_DQS_13            | OUTPUT        | LVCMOS18*   |      13 |         12 | SLOW |                     |            FP_VTT_50 |         | UNFIXED    |           |          |      | NONE             |              |                   |              |
| T19        | out_w_flattened[16]  | High Range | IO_L17P_T2_13                | OUTPUT        | LVCMOS18*   |      13 |         12 | SLOW |                     |            FP_VTT_50 |         | UNFIXED    |           |          |      | NONE             |              |                   |              |
| T20        | out_w_flattened[20]  | High Range | IO_L15P_T2_DQS_13            | OUTPUT        | LVCMOS18*   |      13 |         12 | SLOW |                     |            FP_VTT_50 |         | UNFIXED    |           |          |      | NONE             |              |                   |              |
| T21        |                      |            | GND                          | GND           |             |         |            |      |                     |                      |     0.0 |            |           |          |      |                  |              |                   |              |
| T22        | out_w_flattened[54]  | High Range | IO_L23P_T3_A03_D19_14        | OUTPUT        | LVCMOS18*   |      14 |         12 | SLOW |                     |            FP_VTT_50 |         | UNFIXED    |           |          |      | NONE             |              |                   |              |
| T23        | out_w_flattened[52]  | High Range | IO_L24P_T3_A01_D17_14        | OUTPUT        | LVCMOS18*   |      14 |         12 | SLOW |                     |            FP_VTT_50 |         | UNFIXED    |           |          |      | NONE             |              |                   |              |
| T24        | out_w_flattened[58]  | High Range | IO_L21P_T3_DQS_14            | OUTPUT        | LVCMOS18*   |      14 |         12 | SLOW |                     |            FP_VTT_50 |         | UNFIXED    |           |          |      | NONE             |              |                   |              |
| T25        | out_w_flattened[57]  | High Range | IO_L21N_T3_DQS_A06_D22_14    | OUTPUT        | LVCMOS18*   |      14 |         12 | SLOW |                     |            FP_VTT_50 |         | UNFIXED    |           |          |      | NONE             |              |                   |              |
| T26        |                      | High Range | VCCO_13                      | VCCO          |             |      13 |            |      |                     |                      |    1.80 |            |           |          |      |                  |              |                   |              |
| U1         | out_b[2]             | High Range | IO_L18N_T2_34                | OUTPUT        | LVCMOS18*   |      34 |         12 | SLOW |                     |            FP_VTT_50 |         | UNFIXED    |           |          |      | NONE             |              |                   |              |
| U2         | out_b[3]             | High Range | IO_L18P_T2_34                | OUTPUT        | LVCMOS18*   |      34 |         12 | SLOW |                     |            FP_VTT_50 |         | UNFIXED    |           |          |      | NONE             |              |                   |              |
| U3         |                      | High Range | VCCO_33                      | VCCO          |             |      33 |            |      |                     |                      |   any** |            |           |          |      |                  |              |                   |              |
| U4         | out_w_flattened[150] | High Range | IO_25_34                     | OUTPUT        | LVCMOS18*   |      34 |         12 | SLOW |                     |            FP_VTT_50 |         | UNFIXED    |           |          |      | NONE             |              |                   |              |
| U5         | out_w_flattened[158] | High Range | IO_L21N_T3_DQS_34            | OUTPUT        | LVCMOS18*   |      34 |         12 | SLOW |                     |            FP_VTT_50 |         | UNFIXED    |           |          |      | NONE             |              |                   |              |
| U6         | out_w_flattened[159] | High Range | IO_L21P_T3_DQS_34            | OUTPUT        | LVCMOS18*   |      34 |         12 | SLOW |                     |            FP_VTT_50 |         | UNFIXED    |           |          |      | NONE             |              |                   |              |
| U7         |                      | High Range | IO_L6P_T0_33                 | User IO       |             |      33 |            |      |                     |                      |         |            |           |          |      |                  |              |                   |              |
| U8         |                      |            | GND                          | GND           |             |         |            |      |                     |                      |     0.0 |            |           |          |      |                  |              |                   |              |
| U9         |                      |            | VCCAUX                       | VCCAUX        |             |         |            |      |                     |                      |    1.80 |            |           |          |      |                  |              |                   |              |
| U10        |                      |            | GND                          | GND           |             |         |            |      |                     |                      |     0.0 |            |           |          |      |                  |              |                   |              |
| U11        |                      |            | VCCINT                       | VCCINT        |             |         |            |      |                     |                      |         |            |           |          |      |                  |              |                   |              |
| U12        |                      |            | GND                          | GND           |             |         |            |      |                     |                      |     0.0 |            |           |          |      |                  |              |                   |              |
| U13        |                      |            | VCCBRAM                      | VCCBRAM       |             |         |            |      |                     |                      |         |            |           |          |      |                  |              |                   |              |
| U14        | out_w_flattened[4]   | High Range | IO_L23P_T3_13                | OUTPUT        | LVCMOS18*   |      13 |         12 | SLOW |                     |            FP_VTT_50 |         | UNFIXED    |           |          |      | NONE             |              |                   |              |
| U15        | out_w_flattened[6]   | High Range | IO_L22P_T3_13                | OUTPUT        | LVCMOS18*   |      13 |         12 | SLOW |                     |            FP_VTT_50 |         | UNFIXED    |           |          |      | NONE             |              |                   |              |
| U16        | out_w_flattened[5]   | High Range | IO_L22N_T3_13                | OUTPUT        | LVCMOS18*   |      13 |         12 | SLOW |                     |            FP_VTT_50 |         | UNFIXED    |           |          |      | NONE             |              |                   |              |
| U17        | out_w_flattened[0]   | High Range | IO_25_13                     | OUTPUT        | LVCMOS18*   |      13 |         12 | SLOW |                     |            FP_VTT_50 |         | UNFIXED    |           |          |      | NONE             |              |                   |              |
| U18        |                      |            | GND                          | GND           |             |         |            |      |                     |                      |     0.0 |            |           |          |      |                  |              |                   |              |
| U19        | out_w_flattened[15]  | High Range | IO_L17N_T2_13                | OUTPUT        | LVCMOS18*   |      13 |         12 | SLOW |                     |            FP_VTT_50 |         | UNFIXED    |           |          |      | NONE             |              |                   |              |
| U20        | out_w_flattened[19]  | High Range | IO_L15N_T2_DQS_13            | OUTPUT        | LVCMOS18*   |      13 |         12 | SLOW |                     |            FP_VTT_50 |         | UNFIXED    |           |          |      | NONE             |              |                   |              |
| U21        | out_w_flattened[24]  | High Range | IO_L13P_T2_MRCC_13           | OUTPUT        | LVCMOS18*   |      13 |         12 | SLOW |                     |            FP_VTT_50 |         | UNFIXED    |           |          |      | NONE             |              |                   |              |
| U22        | out_w_flattened[26]  | High Range | IO_L12P_T1_MRCC_13           | OUTPUT        | LVCMOS18*   |      13 |         12 | SLOW |                     |            FP_VTT_50 |         | UNFIXED    |           |          |      | NONE             |              |                   |              |
| U23        |                      | High Range | VCCO_13                      | VCCO          |             |      13 |            |      |                     |                      |    1.80 |            |           |          |      |                  |              |                   |              |
| U24        | out_w_flattened[49]  | High Range | IO_0_13                      | OUTPUT        | LVCMOS18*   |      13 |         12 | SLOW |                     |            FP_VTT_50 |         | UNFIXED    |           |          |      | NONE             |              |                   |              |
| U25        | out_w_flattened[48]  | High Range | IO_L1P_T0_13                 | OUTPUT        | LVCMOS18*   |      13 |         12 | SLOW |                     |            FP_VTT_50 |         | UNFIXED    |           |          |      | NONE             |              |                   |              |
| U26        | out_w_flattened[47]  | High Range | IO_L1N_T0_13                 | OUTPUT        | LVCMOS18*   |      13 |         12 | SLOW |                     |            FP_VTT_50 |         | UNFIXED    |           |          |      | NONE             |              |                   |              |
| V1         |                      | High Range | IO_L1P_T0_33                 | User IO       |             |      33 |            |      |                     |                      |         |            |           |          |      |                  |              |                   |              |
| V2         |                      | High Range | IO_L3N_T0_DQS_33             | User IO       |             |      33 |            |      |                     |                      |         |            |           |          |      |                  |              |                   |              |
| V3         |                      | High Range | IO_L3P_T0_DQS_33             | User IO       |             |      33 |            |      |                     |                      |         |            |           |          |      |                  |              |                   |              |
| V4         |                      | High Range | IO_0_33                      | User IO       |             |      33 |            |      |                     |                      |         |            |           |          |      |                  |              |                   |              |
| V5         |                      |            | GND                          | GND           |             |         |            |      |                     |                      |     0.0 |            |           |          |      |                  |              |                   |              |
| V6         |                      | High Range | IO_L4P_T0_33                 | User IO       |             |      33 |            |      |                     |                      |         |            |           |          |      |                  |              |                   |              |
| V7         |                      | High Range | IO_L6N_T0_VREF_33            | User IO       |             |      33 |            |      |                     |                      |         |            |           |          |      |                  |              |                   |              |
| V8         |                      | High Range | IO_L21P_T3_DQS_33            | User IO       |             |      33 |            |      |                     |                      |         |            |           |          |      |                  |              |                   |              |
| V9         |                      | High Range | IO_25_33                     | User IO       |             |      33 |            |      |                     |                      |         |            |           |          |      |                  |              |                   |              |
| V10        |                      |            | VCCINT                       | VCCINT        |             |         |            |      |                     |                      |         |            |           |          |      |                  |              |                   |              |
| V11        |                      | Dedicated  | INIT_B_0                     | Config        |             |       0 |            |      |                     |                      |         |            |           |          |      |                  |              |                   |              |
| V12        |                      |            | VCCINT                       | VCCINT        |             |         |            |      |                     |                      |         |            |           |          |      |                  |              |                   |              |
| V13        |                      |            | GND                          | GND           |             |         |            |      |                     |                      |     0.0 |            |           |          |      |                  |              |                   |              |
| V14        | out_w_flattened[3]   | High Range | IO_L23N_T3_13                | OUTPUT        | LVCMOS18*   |      13 |         12 | SLOW |                     |            FP_VTT_50 |         | UNFIXED    |           |          |      | NONE             |              |                   |              |
| V15        |                      |            | GND                          | GND           |             |         |            |      |                     |                      |     0.0 |            |           |          |      |                  |              |                   |              |
| V16        | out_w_flattened[2]   | High Range | IO_L24P_T3_13                | OUTPUT        | LVCMOS18*   |      13 |         12 | SLOW |                     |            FP_VTT_50 |         | UNFIXED    |           |          |      | NONE             |              |                   |              |
| V17        | out_w_flattened[1]   | High Range | IO_L24N_T3_13                | OUTPUT        | LVCMOS18*   |      13 |         12 | SLOW |                     |            FP_VTT_50 |         | UNFIXED    |           |          |      | NONE             |              |                   |              |
| V18        | out_w_flattened[12]  | High Range | IO_L19P_T3_13                | OUTPUT        | LVCMOS18*   |      13 |         12 | SLOW |                     |            FP_VTT_50 |         | UNFIXED    |           |          |      | NONE             |              |                   |              |
| V19        | out_w_flattened[14]  | High Range | IO_L18P_T2_13                | OUTPUT        | LVCMOS18*   |      13 |         12 | SLOW |                     |            FP_VTT_50 |         | UNFIXED    |           |          |      | NONE             |              |                   |              |
| V20        |                      | High Range | VCCO_13                      | VCCO          |             |      13 |            |      |                     |                      |    1.80 |            |           |          |      |                  |              |                   |              |
| V21        | out_w_flattened[23]  | High Range | IO_L13N_T2_MRCC_13           | OUTPUT        | LVCMOS18*   |      13 |         12 | SLOW |                     |            FP_VTT_50 |         | UNFIXED    |           |          |      | NONE             |              |                   |              |
| V22        | out_w_flattened[25]  | High Range | IO_L12N_T1_MRCC_13           | OUTPUT        | LVCMOS18*   |      13 |         12 | SLOW |                     |            FP_VTT_50 |         | UNFIXED    |           |          |      | NONE             |              |                   |              |
| V23        | out_w_flattened[30]  | High Range | IO_L10P_T1_13                | OUTPUT        | LVCMOS18*   |      13 |         12 | SLOW |                     |            FP_VTT_50 |         | UNFIXED    |           |          |      | NONE             |              |                   |              |
| V24        | out_w_flattened[38]  | High Range | IO_L6P_T0_13                 | OUTPUT        | LVCMOS18*   |      13 |         12 | SLOW |                     |            FP_VTT_50 |         | UNFIXED    |           |          |      | NONE             |              |                   |              |
| V25        |                      |            | GND                          | GND           |             |         |            |      |                     |                      |     0.0 |            |           |          |      |                  |              |                   |              |
| V26        | out_w_flattened[46]  | High Range | IO_L2P_T0_13                 | OUTPUT        | LVCMOS18*   |      13 |         12 | SLOW |                     |            FP_VTT_50 |         | UNFIXED    |           |          |      | NONE             |              |                   |              |
| W1         |                      | High Range | IO_L1N_T0_33                 | User IO       |             |      33 |            |      |                     |                      |         |            |           |          |      |                  |              |                   |              |
| W2         |                      |            | GND                          | GND           |             |         |            |      |                     |                      |     0.0 |            |           |          |      |                  |              |                   |              |
| W3         |                      | High Range | IO_L5P_T0_33                 | User IO       |             |      33 |            |      |                     |                      |         |            |           |          |      |                  |              |                   |              |
| W4         |                      | High Range | IO_L2N_T0_33                 | User IO       |             |      33 |            |      |                     |                      |         |            |           |          |      |                  |              |                   |              |
| W5         |                      | High Range | IO_L2P_T0_33                 | User IO       |             |      33 |            |      |                     |                      |         |            |           |          |      |                  |              |                   |              |
| W6         |                      | High Range | IO_L4N_T0_33                 | User IO       |             |      33 |            |      |                     |                      |         |            |           |          |      |                  |              |                   |              |
| W7         |                      | High Range | VCCO_33                      | VCCO          |             |      33 |            |      |                     |                      |   any** |            |           |          |      |                  |              |                   |              |
| W8         |                      | High Range | IO_L21N_T3_DQS_33            | User IO       |             |      33 |            |      |                     |                      |         |            |           |          |      |                  |              |                   |              |
| W9         |                      | Dedicated  | M2_0                         | Config        |             |       0 |            |      |                     |                      |         |            |           |          |      |                  |              |                   |              |
| W10        |                      | Dedicated  | DONE_0                       | Config        |             |       0 |            |      |                     |                      |         |            |           |          |      |                  |              |                   |              |
| W11        |                      | Dedicated  | VCCO_0                       | VCCO          |             |       0 |            |      |                     |                      |   any** |            |           |          |      |                  |              |                   |              |
| W12        |                      |            | GND                          | GND           |             |         |            |      |                     |                      |     0.0 |            |           |          |      |                  |              |                   |              |
| W13        |                      |            | VCCBRAM                      | VCCBRAM       |             |         |            |      |                     |                      |         |            |           |          |      |                  |              |                   |              |
| W14        |                      | High Range | IO_L24P_T3_12                | User IO       |             |      12 |            |      |                     |                      |         |            |           |          |      |                  |              |                   |              |
| W15        |                      | High Range | IO_L24N_T3_12                | User IO       |             |      12 |            |      |                     |                      |         |            |           |          |      |                  |              |                   |              |
| W16        |                      | High Range | IO_25_12                     | User IO       |             |      12 |            |      |                     |                      |         |            |           |          |      |                  |              |                   |              |
| W17        |                      | High Range | VCCO_12                      | VCCO          |             |      12 |            |      |                     |                      |   any** |            |           |          |      |                  |              |                   |              |
| W18        | out_w_flattened[11]  | High Range | IO_L19N_T3_VREF_13           | OUTPUT        | LVCMOS18*   |      13 |         12 | SLOW |                     |            FP_VTT_50 |         | UNFIXED    |           |          |      | NONE             |              |                   |              |
| W19        | out_w_flattened[13]  | High Range | IO_L18N_T2_13                | OUTPUT        | LVCMOS18*   |      13 |         12 | SLOW |                     |            FP_VTT_50 |         | UNFIXED    |           |          |      | NONE             |              |                   |              |
| W20        | out_w_flattened[18]  | High Range | IO_L16P_T2_13                | OUTPUT        | LVCMOS18*   |      13 |         12 | SLOW |                     |            FP_VTT_50 |         | UNFIXED    |           |          |      | NONE             |              |                   |              |
| W21        | out_w_flattened[22]  | High Range | IO_L14P_T2_SRCC_13           | OUTPUT        | LVCMOS18*   |      13 |         12 | SLOW |                     |            FP_VTT_50 |         | UNFIXED    |           |          |      | NONE             |              |                   |              |
| W22        |                      |            | GND                          | GND           |             |         |            |      |                     |                      |     0.0 |            |           |          |      |                  |              |                   |              |
| W23        | out_w_flattened[29]  | High Range | IO_L10N_T1_13                | OUTPUT        | LVCMOS18*   |      13 |         12 | SLOW |                     |            FP_VTT_50 |         | UNFIXED    |           |          |      | NONE             |              |                   |              |
| W24        | out_w_flattened[37]  | High Range | IO_L6N_T0_VREF_13            | OUTPUT        | LVCMOS18*   |      13 |         12 | SLOW |                     |            FP_VTT_50 |         | UNFIXED    |           |          |      | NONE             |              |                   |              |
| W25        | out_w_flattened[42]  | High Range | IO_L4P_T0_13                 | OUTPUT        | LVCMOS18*   |      13 |         12 | SLOW |                     |            FP_VTT_50 |         | UNFIXED    |           |          |      | NONE             |              |                   |              |
| W26        | out_w_flattened[45]  | High Range | IO_L2N_T0_13                 | OUTPUT        | LVCMOS18*   |      13 |         12 | SLOW |                     |            FP_VTT_50 |         | UNFIXED    |           |          |      | NONE             |              |                   |              |
| Y1         |                      | High Range | IO_L8N_T1_33                 | User IO       |             |      33 |            |      |                     |                      |         |            |           |          |      |                  |              |                   |              |
| Y2         |                      | High Range | IO_L8P_T1_33                 | User IO       |             |      33 |            |      |                     |                      |         |            |           |          |      |                  |              |                   |              |
| Y3         |                      | High Range | IO_L5N_T0_33                 | User IO       |             |      33 |            |      |                     |                      |         |            |           |          |      |                  |              |                   |              |
| Y4         |                      | High Range | VCCO_33                      | VCCO          |             |      33 |            |      |                     |                      |   any** |            |           |          |      |                  |              |                   |              |
| Y5         |                      | High Range | IO_L20N_T3_33                | User IO       |             |      33 |            |      |                     |                      |         |            |           |          |      |                  |              |                   |              |
| Y6         |                      | High Range | IO_L20P_T3_33                | User IO       |             |      33 |            |      |                     |                      |         |            |           |          |      |                  |              |                   |              |
| Y7         |                      | High Range | IO_L19P_T3_33                | User IO       |             |      33 |            |      |                     |                      |         |            |           |          |      |                  |              |                   |              |
| Y8         |                      | High Range | IO_L23P_T3_33                | User IO       |             |      33 |            |      |                     |                      |         |            |           |          |      |                  |              |                   |              |
| Y9         |                      | Dedicated  | M1_0                         | Config        |             |       0 |            |      |                     |                      |         |            |           |          |      |                  |              |                   |              |
| Y10        |                      |            | GND                          | GND           |             |         |            |      |                     |                      |     0.0 |            |           |          |      |                  |              |                   |              |
| Y11        |                      |            | GND                          | GND           |             |         |            |      |                     |                      |     0.0 |            |           |          |      |                  |              |                   |              |
| Y12        |                      |            | GND                          | GND           |             |         |            |      |                     |                      |     0.0 |            |           |          |      |                  |              |                   |              |
| Y13        |                      |            | GND                          | GND           |             |         |            |      |                     |                      |     0.0 |            |           |          |      |                  |              |                   |              |
| Y14        |                      | Dedicated  | VCCO_0                       | VCCO          |             |       0 |            |      |                     |                      |   any** |            |           |          |      |                  |              |                   |              |
| Y15        |                      | High Range | IO_L23P_T3_12                | User IO       |             |      12 |            |      |                     |                      |         |            |           |          |      |                  |              |                   |              |
| Y16        |                      | High Range | IO_L21P_T3_DQS_12            | User IO       |             |      12 |            |      |                     |                      |         |            |           |          |      |                  |              |                   |              |
| Y17        |                      | High Range | IO_L21N_T3_DQS_12            | User IO       |             |      12 |            |      |                     |                      |         |            |           |          |      |                  |              |                   |              |
| Y18        |                      | High Range | IO_L17P_T2_12                | User IO       |             |      12 |            |      |                     |                      |         |            |           |          |      |                  |              |                   |              |
| Y19        |                      |            | GND                          | GND           |             |         |            |      |                     |                      |     0.0 |            |           |          |      |                  |              |                   |              |
| Y20        | out_w_flattened[17]  | High Range | IO_L16N_T2_13                | OUTPUT        | LVCMOS18*   |      13 |         12 | SLOW |                     |            FP_VTT_50 |         | UNFIXED    |           |          |      | NONE             |              |                   |              |
| Y21        | out_w_flattened[21]  | High Range | IO_L14N_T2_SRCC_13           | OUTPUT        | LVCMOS18*   |      13 |         12 | SLOW |                     |            FP_VTT_50 |         | UNFIXED    |           |          |      | NONE             |              |                   |              |
| Y22        | out_w_flattened[28]  | High Range | IO_L11P_T1_SRCC_13           | OUTPUT        | LVCMOS18*   |      13 |         12 | SLOW |                     |            FP_VTT_50 |         | UNFIXED    |           |          |      | NONE             |              |                   |              |
| Y23        | out_w_flattened[27]  | High Range | IO_L11N_T1_SRCC_13           | OUTPUT        | LVCMOS18*   |      13 |         12 | SLOW |                     |            FP_VTT_50 |         | UNFIXED    |           |          |      | NONE             |              |                   |              |
| Y24        |                      | High Range | VCCO_13                      | VCCO          |             |      13 |            |      |                     |                      |    1.80 |            |           |          |      |                  |              |                   |              |
| Y25        | out_w_flattened[40]  | High Range | IO_L5P_T0_13                 | OUTPUT        | LVCMOS18*   |      13 |         12 | SLOW |                     |            FP_VTT_50 |         | UNFIXED    |           |          |      | NONE             |              |                   |              |
| Y26        | out_w_flattened[41]  | High Range | IO_L4N_T0_13                 | OUTPUT        | LVCMOS18*   |      13 |         12 | SLOW |                     |            FP_VTT_50 |         | UNFIXED    |           |          |      | NONE             |              |                   |              |
+------------+----------------------+------------+------------------------------+---------------+-------------+---------+------------+------+---------------------+----------------------+---------+------------+-----------+----------+------+------------------+--------------+-------------------+--------------+
* Default value
** Special VCCO requirements may apply. Please consult the device family datasheet for specific guideline on VCCO requirements.


